country,year,fossil_fuel_consumption
Africa,1965,675.202
Africa,1966,704.27
Africa,1967,710.059
Africa,1968,744.596
Africa,1969,757.316
Africa,1970,811.332
Africa,1971,875.723
Africa,1972,919.611
Africa,1973,998.266
Africa,1974,1039.903
Africa,1975,1102.39
Africa,1976,1194.641
Africa,1977,1255.128
Africa,1978,1307.552
Africa,1979,1427.264
Africa,1980,1548.626
Africa,1981,1749.783
Africa,1982,1874.441
Africa,1983,1949.226
Africa,1984,2004.837
Africa,1985,2073.333
Africa,1986,2103.083
Africa,1987,2190.264
Africa,1988,2330.396
Africa,1989,2324.647
Africa,1990,2412.063
Africa,1991,2397.069
Africa,1992,2444.041
Africa,1993,2460.243
Africa,1994,2540.244
Africa,1995,2639.589
Africa,1996,2702.619
Africa,1997,2757.126
Africa,1998,2791.333
Africa,1999,2874.499
Africa,2000,2928.547
Africa,2001,3033.457
Africa,2002,3061.847
Africa,2003,3229.692
Africa,2004,3473.607
Africa,2005,3488.187
Africa,2006,3554.957
Africa,2007,3692.005
Africa,2008,3923.006
Africa,2009,3988.265
Africa,2010,4097.205
Africa,2011,4125.856
Africa,2012,4303.697
Africa,2013,4412.846
Africa,2014,4520.241
Africa,2015,4639.401
Africa,2016,4765.635
Africa,2017,4869.091
Africa,2018,4965.162
Africa,2019,5057.132
Africa,2020,4740.021
Africa,2021,5052.782
Africa,2022,5058.223
Algeria,1965,23.65
Algeria,1966,28.783
Algeria,1967,27.035
Algeria,1968,28.68
Algeria,1969,32.472
Algeria,1970,35.044
Algeria,1971,38.757
Algeria,1972,43.184
Algeria,1973,51.027
Algeria,1974,57.439
Algeria,1975,69.4
Algeria,1976,80.952
Algeria,1977,89.417
Algeria,1978,112.622
Algeria,1979,147.68
Algeria,1980,176.383
Algeria,1981,214.104
Algeria,1982,246.696
Algeria,1983,270.272
Algeria,1984,258.86
Algeria,1985,260.386
Algeria,1986,276.751
Algeria,1987,283.693
Algeria,1988,304.881
Algeria,1989,296.4
Algeria,1990,314.575
Algeria,1991,311.229
Algeria,1992,319.638
Algeria,1993,296.951
Algeria,1994,301.43
Algeria,1995,312.574
Algeria,1996,309.526
Algeria,1997,297.638
Algeria,1998,307.713
Algeria,1999,310.834
Algeria,2000,299.786
Algeria,2001,310.61
Algeria,2002,321.784
Algeria,2003,336.154
Algeria,2004,349.055
Algeria,2005,364.681
Algeria,2006,378.601
Algeria,2007,399.001
Algeria,2008,422.762
Algeria,2009,447.904
Algeria,2010,438.489
Algeria,2011,463.396
Algeria,2012,506.532
Algeria,2013,536.629
Algeria,2014,584.925
Algeria,2015,616.92
Algeria,2016,616.096
Algeria,2017,622.254
Algeria,2018,667.688
Algeria,2019,692.301
Algeria,2020,646.949
Algeria,2021,701.279
Algeria,2022,682.865
Argentina,1965,324.905
Argentina,1966,335.505
Argentina,1967,345.275
Argentina,1968,356.416
Argentina,1969,368.939
Argentina,1970,348.703
Argentina,1971,369.981
Argentina,1972,374.762
Argentina,1973,387.403
Argentina,1974,394.374
Argentina,1975,379.864
Argentina,1976,400.392
Argentina,1977,419.557
Argentina,1978,410.799
Argentina,1979,435.202
Argentina,1980,420.292
Argentina,1981,406.272
Argentina,1982,408.82
Argentina,1983,421.144
Argentina,1984,415.029
Argentina,1985,403.804
Argentina,1986,430.098
Argentina,1987,448.359
Argentina,1988,478.772
Argentina,1989,467.809
Argentina,1990,439.559
Argentina,1991,451.996
Argentina,1992,482.131
Argentina,1993,485.263
Argentina,1994,504.392
Argentina,1995,529.436
Argentina,1996,568.775
Argentina,1997,558.979
Argentina,1998,588.233
Argentina,1999,611.693
Argentina,2000,595.418
Argentina,2001,553.856
Argentina,2002,531.831
Argentina,2003,579.387
Argentina,2004,632.297
Argentina,2005,670.516
Argentina,2006,697.754
Argentina,2007,754.091
Argentina,2008,765.599
Argentina,2009,730.004
Argentina,2010,761.782
Argentina,2011,792.928
Argentina,2012,830.823
Argentina,2013,857.796
Argentina,2014,857.357
Argentina,2015,870.15
Argentina,2016,870.194
Argentina,2017,867.003
Argentina,2018,855.356
Argentina,2019,795.546
Argentina,2020,737.523
Argentina,2021,831.493
Argentina,2022,854.012
Asia,1965,4932.085
Asia,1966,5368.893
Asia,1967,5672.694
Asia,1968,6107.931
Asia,1969,6985.958
Asia,1970,7955.136
Asia,1971,8727.715
Asia,1972,9286.971
Asia,1973,10144.659
Asia,1974,10292.33
Asia,1975,10630.164
Asia,1976,11241.317
Asia,1977,12062.631
Asia,1978,12835.682
Asia,1979,13506.05
Asia,1980,13440.79
Asia,1981,13581.037
Asia,1982,13843.374
Asia,1983,14549.195
Asia,1984,15719.047
Asia,1985,18350.271
Asia,1986,19139.432
Asia,1987,20170.758
Asia,1988,21590.461
Asia,1989,22651.953
Asia,1990,23514.73
Asia,1991,24451.484
Asia,1992,25606.646
Asia,1993,26537.854
Asia,1994,27968.141
Asia,1995,29074.594
Asia,1996,30419.504
Asia,1997,31306.143
Asia,1998,31205.275
Asia,1999,32327.547
Asia,2000,33615.695
Asia,2001,34743.707
Asia,2002,36539.996
Asia,2003,39765.371
Asia,2004,43381.961
Asia,2005,46798.922
Asia,2006,49443.902
Asia,2007,52644.973
Asia,2008,54172.832
Asia,2009,55388.23
Asia,2010,58715.59
Asia,2011,62145.484
Asia,2012,64340.32
Asia,2013,65665.648
Asia,2014,67035.43
Asia,2015,67970.461
Asia,2016,68762.789
Asia,2017,70709.234
Asia,2018,72799.266
Asia,2019,74179.656
Asia,2020,73060.922
Asia,2021,76519.594
Asia,2022,77566.508
Australia,1965,402.077
Australia,1966,423.476
Australia,1967,449.677
Australia,1968,477.284
Australia,1969,495.852
Australia,1970,539.194
Australia,1971,563.941
Australia,1972,591.038
Australia,1973,631.948
Australia,1974,669.507
Australia,1975,678.316
Australia,1976,705.69
Australia,1977,744.55
Australia,1978,766.533
Australia,1979,797.832
Australia,1980,803.197
Australia,1981,815.502
Australia,1982,810.51
Australia,1983,783.714
Australia,1984,812.199
Australia,1985,834.892
Australia,1986,851.962
Australia,1987,879.426
Australia,1988,918.73
Australia,1989,967.35
Australia,1990,986.991
Australia,1991,976.706
Australia,1992,992.875
Australia,1993,1013.434
Australia,1994,1055.42
Australia,1995,1105.36
Australia,1996,1137.8
Australia,1997,1166.821
Australia,1998,1196.007
Australia,1999,1245.338
Australia,2000,1253.194
Australia,2001,1264.47
Australia,2002,1288.995
Australia,2003,1306.224
Australia,2004,1347.753
Australia,2005,1349.514
Australia,2006,1408.571
Australia,2007,1446.271
Australia,2008,1475.357
Australia,2009,1450.366
Australia,2010,1443.765
Australia,2011,1469.942
Australia,2012,1448.736
Australia,2013,1454.284
Australia,2014,1472.994
Australia,2015,1500.939
Australia,2016,1491.312
Australia,2017,1493.95
Australia,2018,1490.901
Australia,2019,1531.156
Australia,2020,1415.129
Australia,2021,1387.223
Australia,2022,1421.068
Austria,1965,141.941
Austria,1966,147.077
Austria,1967,148.031
Austria,1968,160.469
Austria,1969,172.492
Austria,1970,191.196
Austria,1971,203.347
Austria,1972,210.707
Austria,1973,224.709
Austria,1974,215.802
Austria,1975,210.701
Austria,1976,230.081
Austria,1977,217.907
Austria,1978,230.44
Austria,1979,239.135
Austria,1980,234.796
Austria,1981,220.305
Austria,1982,209.962
Austria,1983,209.993
Austria,1984,218.075
Austria,1985,221.793
Austria,1986,220.942
Austria,1987,226.486
Austria,1988,221.396
Austria,1989,223.709
Austria,1990,238.275
Austria,1991,254.541
Austria,1992,238.591
Austria,1993,239.135
Austria,1994,240.442
Austria,1995,251.358
Austria,1996,261.107
Austria,1997,262.825
Austria,1998,265.213
Austria,1999,264.264
Austria,2000,262.425
Austria,2001,280.447
Austria,2002,282.885
Austria,2003,307.114
Austria,2004,302.397
Austria,2005,306.634
Austria,2006,300.716
Austria,2007,284.412
Austria,2008,288.421
Austria,2009,267.23
Austria,2010,287.39
Austria,2011,275.227
Austria,2012,265.732
Austria,2013,266.151
Austria,2014,250.132
Austria,2015,256.637
Austria,2016,262.339
Austria,2017,273.11
Austria,2018,267.331
Austria,2019,276.533
Austria,2020,247.937
Austria,2021,257.993
Austria,2022,241.898
Azerbaijan,1985,231.069
Azerbaijan,1986,250.456
Azerbaijan,1987,242.644
Azerbaijan,1988,243.14
Azerbaijan,1989,247.987
Azerbaijan,1990,255.649
Azerbaijan,1991,245.149
Azerbaijan,1992,209.227
Azerbaijan,1993,178.807
Azerbaijan,1994,165.453
Azerbaijan,1995,156.047
Azerbaijan,1996,127.196
Azerbaijan,1997,121.092
Azerbaijan,1998,120.876
Azerbaijan,1999,121.9
Azerbaijan,2000,127.519
Azerbaijan,2001,123.405
Azerbaijan,2002,119.713
Azerbaijan,2003,128.872
Azerbaijan,2004,145.959
Azerbaijan,2005,158.22
Azerbaijan,2006,156.927
Azerbaijan,2007,144.387
Azerbaijan,2008,146.121
Azerbaijan,2009,124.404
Azerbaijan,2010,119.375
Azerbaijan,2011,139.215
Azerbaijan,2012,146.175
Azerbaijan,2013,150.376
Azerbaijan,2014,153.474
Azerbaijan,2015,167.28
Azerbaijan,2016,164.81
Azerbaijan,2017,162.238
Azerbaijan,2018,166.29
Azerbaijan,2019,174.72
Azerbaijan,2020,179.605
Azerbaijan,2021,191.648
Azerbaijan,2022,189.331
Bangladesh,1971,12.889
Bangladesh,1972,14.673
Bangladesh,1973,18.501
Bangladesh,1974,20.028
Bangladesh,1975,20.042
Bangladesh,1976,23.432
Bangladesh,1977,24.146
Bangladesh,1978,25.528
Bangladesh,1979,28.059
Bangladesh,1980,33.026
Bangladesh,1981,34.992
Bangladesh,1982,39.095
Bangladesh,1983,38.233
Bangladesh,1984,40.79
Bangladesh,1985,46.089
Bangladesh,1986,51.206
Bangladesh,1987,56.456
Bangladesh,1988,62.58
Bangladesh,1989,66.894
Bangladesh,1990,71.242
Bangladesh,1991,68.777
Bangladesh,1992,75.357
Bangladesh,1993,83.638
Bangladesh,1994,88.186
Bangladesh,1995,106.009
Bangladesh,1996,110.017
Bangladesh,1997,115.765
Bangladesh,1998,123.001
Bangladesh,1999,124.522
Bangladesh,2000,133.906
Bangladesh,2001,152.668
Bangladesh,2002,153.837
Bangladesh,2003,162.741
Bangladesh,2004,172.915
Bangladesh,2005,187.493
Bangladesh,2006,203.058
Bangladesh,2007,208.02
Bangladesh,2008,219.569
Bangladesh,2009,242.426
Bangladesh,2010,248.015
Bangladesh,2011,268.757
Bangladesh,2012,292.377
Bangladesh,2013,304.343
Bangladesh,2014,316.264
Bangladesh,2015,382.249
Bangladesh,2016,383.013
Bangladesh,2017,400.093
Bangladesh,2018,427.451
Bangladesh,2019,479.639
Bangladesh,2020,454.184
Bangladesh,2021,476.127
Bangladesh,2022,494.742
Belarus,1985,407.985
Belarus,1986,465.779
Belarus,1987,472.56
Belarus,1988,479.346
Belarus,1989,463.602
Belarus,1990,465.913
Belarus,1991,464.853
Belarus,1992,403.105
Belarus,1993,337.056
Belarus,1994,281.757
Belarus,1995,250.647
Belarus,1996,257.091
Belarus,1997,260.039
Belarus,1998,254.268
Belarus,1999,247.36
Belarus,2000,254.98
Belarus,2001,247.872
Belarus,2002,256.441
Belarus,2003,254.505
Belarus,2004,284.983
Belarus,2005,284.044
Belarus,2006,302.038
Belarus,2007,294.627
Belarus,2008,298.36
Belarus,2009,282.006
Belarus,2010,305.462
Belarus,2011,299.984
Belarus,2012,324.441
Belarus,2013,293.895
Belarus,2014,294.046
Belarus,2015,266.076
Belarus,2016,271.691
Belarus,2017,275.749
Belarus,2018,305.329
Belarus,2019,306.476
Belarus,2020,282.934
Belarus,2021,288.32
Belarus,2022,282.16
Belgium,1965,412.137
Belgium,1966,396.958
Belgium,1967,416.684
Belgium,1968,464.522
Belgium,1969,510.032
Belgium,1970,538.702
Belgium,1971,528.938
Belgium,1972,562.169
Belgium,1973,569.234
Belgium,1974,549.308
Belgium,1975,497.963
Belgium,1976,520.598
Belgium,1977,515.274
Belgium,1978,537.719
Belgium,1979,557.258
Belgium,1980,528.719
Belgium,1981,499.754
Belgium,1982,469.302
Belgium,1983,429.504
Belgium,1984,441.641
Belgium,1985,445.17
Belgium,1986,448.549
Belgium,1987,457.858
Belgium,1988,466.242
Belgium,1989,476.084
Belgium,1990,498.421
Belgium,1991,519.606
Belgium,1992,516.315
Belgium,1993,510.658
Belgium,1994,546.805
Belgium,1995,552.721
Belgium,1996,589.182
Belgium,1997,584.938
Belgium,1998,602.064
Belgium,1999,588.424
Belgium,2000,603.482
Belgium,2001,602.887
Belgium,2002,597.305
Belgium,2003,626.13
Belgium,2004,629.156
Belgium,2005,618.787
Belgium,2006,621.708
Belgium,2007,621.806
Belgium,2008,639.172
Belgium,2009,571.008
Belgium,2010,612.624
Belgium,2011,556.806
Belgium,2012,543.644
Belgium,2013,552.079
Belgium,2014,523.214
Belgium,2015,545.295
Belgium,2016,551.696
Belgium,2017,557.653
Belgium,2018,587.776
Belgium,2019,568.682
Belgium,2020,505.117
Belgium,2021,541.558
Belgium,2022,498.515
Brazil,1965,198.422
Brazil,1966,216.262
Brazil,1967,223.268
Brazil,1968,263.15
Brazil,1969,289.142
Brazil,1970,330.425
Brazil,1971,371.976
Brazil,1972,420.528
Brazil,1973,502.463
Brazil,1974,557.328
Brazil,1975,579.587
Brazil,1976,624.277
Brazil,1977,646.951
Brazil,1978,712.64
Brazil,1979,760.163
Brazil,1980,746.721
Brazil,1981,719.569
Brazil,1982,739.077
Brazil,1983,708.712
Brazil,1984,729.179
Brazil,1985,770.724
Brazil,1986,827.373
Brazil,1987,853.664
Brazil,1988,857.704
Brazil,1989,874.9
Brazil,1990,862.29
Brazil,1991,880.688
Brazil,1992,884.555
Brazil,1993,925.208
Brazil,1994,980.302
Brazil,1995,1049.99
Brazil,1996,1121.231
Brazil,1997,1209.293
Brazil,1998,1248.093
Brazil,1999,1264.015
Brazil,2000,1339.321
Brazil,2001,1371.323
Brazil,2002,1367.077
Brazil,2003,1360.113
Brazil,2004,1433.446
Brazil,2005,1454.032
Brazil,2006,1487.402
Brazil,2007,1559.18
Brazil,2008,1648.513
Brazil,2009,1554.695
Brazil,2010,1749.447
Brazil,2011,1806.344
Brazil,2012,1935.516
Brazil,2013,2046.477
Brazil,2014,2139.918
Brazil,2015,2070.909
Brazil,2016,1916.32
Brazil,2017,1945.812
Brazil,2018,1857.108
Brazil,2019,1838.441
Brazil,2020,1706.122
Brazil,2021,1930.015
Brazil,2022,1873.124
Bulgaria,1965,114.012
Bulgaria,1966,122.622
Bulgaria,1967,143.362
Bulgaria,1968,163.079
Bulgaria,1969,180.63
Bulgaria,1970,202.995
Bulgaria,1971,211.58
Bulgaria,1972,218.123
Bulgaria,1973,225.474
Bulgaria,1974,231.247
Bulgaria,1975,250.812
Bulgaria,1976,258.113
Bulgaria,1977,268.995
Bulgaria,1978,281.251
Bulgaria,1979,290.927
Bulgaria,1980,307.519
Bulgaria,1981,294.461
Bulgaria,1982,299.615
Bulgaria,1983,296.56
Bulgaria,1984,293.673
Bulgaria,1985,293.004
Bulgaria,1986,302.508
Bulgaria,1987,303.505
Bulgaria,1988,301.207
Bulgaria,1989,302.0
Bulgaria,1990,277.976
Bulgaria,1991,218.482
Bulgaria,1992,208.685
Bulgaria,1993,218.669
Bulgaria,1994,206.194
Bulgaria,1995,217.253
Bulgaria,1996,212.059
Bulgaria,1997,198.695
Bulgaria,1998,190.237
Bulgaria,1999,164.306
Bulgaria,2000,158.017
Bulgaria,2001,164.595
Bulgaria,2002,155.022
Bulgaria,2003,168.577
Bulgaria,2004,162.37
Bulgaria,2005,172.514
Bulgaria,2006,175.432
Bulgaria,2007,184.773
Bulgaria,2008,179.453
Bulgaria,2009,150.882
Bulgaria,2010,154.662
Bulgaria,2011,170.472
Bulgaria,2012,156.513
Bulgaria,2013,140.885
Bulgaria,2014,148.925
Bulgaria,2015,159.541
Bulgaria,2016,151.685
Bulgaria,2017,160.054
Bulgaria,2018,150.332
Bulgaria,2019,146.88
Bulgaria,2020,130.933
Bulgaria,2021,150.009
Bulgaria,2022,161.341
Canada,1965,1039.488
Canada,1966,1090.938
Canada,1967,1149.846
Canada,1968,1240.243
Canada,1969,1298.412
Canada,1970,1398.011
Canada,1971,1434.642
Canada,1972,1516.706
Canada,1973,1633.67
Canada,1974,1658.759
Canada,1975,1654.568
Canada,1976,1716.395
Canada,1977,1806.412
Canada,1978,1796.423
Canada,1979,1833.966
Canada,1980,1856.985
Canada,1981,1789.417
Canada,1982,1736.721
Canada,1983,1669.3
Canada,1984,1764.493
Canada,1985,1782.314
Canada,1986,1758.202
Canada,1987,1815.983
Canada,1988,1944.692
Canada,1989,2032.37
Canada,1990,1916.016
Canada,1991,1860.179
Canada,1992,1928.26
Canada,1993,1946.971
Canada,1994,2009.356
Canada,1995,2095.4
Canada,1996,2139.88
Canada,1997,2201.377
Canada,1998,2231.21
Canada,1999,2293.156
Canada,2000,2356.577
Canada,2001,2350.008
Canada,2002,2428.989
Canada,2003,2495.393
Canada,2004,2508.973
Canada,2005,2469.933
Canada,2006,2464.582
Canada,2007,2579.457
Canada,2008,2505.881
Canada,2009,2391.977
Canada,2010,2469.195
Canada,2011,2532.39
Canada,2012,2525.139
Canada,2013,2571.458
Canada,2014,2600.671
Canada,2015,2610.263
Canada,2016,2538.53
Canada,2017,2579.988
Canada,2018,2644.456
Canada,2019,2636.076
Canada,2020,2387.842
Canada,2021,2450.428
Canada,2022,2508.757
Chile,1965,60.741
Chile,1966,65.35
Chile,1967,66.606
Chile,1968,68.317
Chile,1969,73.097
Chile,1970,77.008
Chile,1971,82.678
Chile,1972,81.82
Chile,1973,79.035
Chile,1974,76.962
Chile,1975,67.776
Chile,1976,70.418
Chile,1977,73.515
Chile,1978,76.371
Chile,1979,81.253
Chile,1980,83.367
Chile,1981,83.132
Chile,1982,73.835
Chile,1983,75.452
Chile,1984,78.387
Chile,1985,76.544
Chile,1986,78.29
Chile,1987,81.05
Chile,1988,95.539
Chile,1989,115.622
Chile,1990,126.167
Chile,1991,132.825
Chile,1992,139.13
Chile,1993,148.73
Chile,1994,159.554
Chile,1995,171.788
Chile,1996,190.402
Chile,1997,219.48
Chile,1998,230.643
Chile,1999,248.339
Chile,2000,246.58
Chile,2001,244.261
Chile,2002,247.417
Chile,2003,251.507
Chile,2004,277.375
Chile,2005,278.36
Chile,2006,284.811
Chile,2007,297.506
Chile,2008,289.555
Chile,2009,273.006
Chile,2010,291.756
Chile,2011,314.428
Chile,2012,327.243
Chile,2013,335.986
Chile,2014,326.022
Chile,2015,323.492
Chile,2016,346.341
Chile,2017,349.837
Chile,2018,354.328
Chile,2019,362.767
Chile,2020,328.056
Chile,2021,360.715
Chile,2022,357.137
China,1965,1470.854
China,1966,1602.817
China,1967,1443.752
China,1968,1449.068
China,1969,1776.409
China,1970,2290.621
China,1971,2714.149
China,1972,2921.401
China,1973,3077.997
China,1974,3163.529
China,1975,3551.485
China,1976,3744.146
China,1977,4088.734
China,1978,4504.213
China,1979,4628.246
China,1980,4655.374
China,1981,4570.128
China,1982,4756.829
China,1983,5042.164
China,1984,5428.434
China,1985,5877.182
China,1986,6164.527
China,1987,6654.468
China,1988,7144.303
China,1989,7486.303
China,1990,7563.272
China,1991,7968.69
China,1992,8386.55
China,1993,9003.102
China,1994,9509.277
China,1995,9741.276
China,1996,10305.78
China,1997,10351.442
China,1998,10363.471
China,1999,10752.908
China,2000,11085.259
China,2001,11595.461
China,2002,12657.19
China,2003,14859.567
China,2004,17332.893
China,2005,19713.344
China,2006,21612.988
China,2007,23448.26
China,2008,23943.34
China,2009,25087.559
China,2010,26643.771
China,2011,28885.965
China,2012,29585.432
China,2013,30528.387
China,2014,30830.85
China,2015,30885.832
China,2016,30593.768
China,2017,31511.137
China,2018,32726.068
China,2019,33921.184
China,2020,34753.18
China,2021,36318.707
China,2022,36138.059
Colombia,1965,87.194
Colombia,1966,98.285
Colombia,1967,102.882
Colombia,1968,105.823
Colombia,1969,105.702
Colombia,1970,115.535
Colombia,1971,113.019
Colombia,1972,131.154
Colombia,1973,124.299
Colombia,1974,138.662
Colombia,1975,126.253
Colombia,1976,131.373
Colombia,1977,136.135
Colombia,1978,139.834
Colombia,1979,143.431
Colombia,1980,147.29
Colombia,1981,150.587
Colombia,1982,153.241
Colombia,1983,163.436
Colombia,1984,160.881
Colombia,1985,164.072
Colombia,1986,166.033
Colombia,1987,181.673
Colombia,1988,177.714
Colombia,1989,184.416
Colombia,1990,170.302
Colombia,1991,176.324
Colombia,1992,201.537
Colombia,1993,208.574
Colombia,1994,220.176
Colombia,1995,227.61
Colombia,1996,230.67
Colombia,1997,247.554
Colombia,1998,253.802
Colombia,1999,221.763
Colombia,2000,221.474
Colombia,2001,222.343
Colombia,2002,216.208
Colombia,2003,216.349
Colombia,2004,227.413
Colombia,2005,220.059
Colombia,2006,261.502
Colombia,2007,263.738
Colombia,2008,275.289
Colombia,2009,282.667
Colombia,2010,303.138
Colombia,2011,298.923
Colombia,2012,329.327
Colombia,2013,352.07
Colombia,2014,375.773
Colombia,2015,349.089
Colombia,2016,404.981
Colombia,2017,383.187
Colombia,2018,392.416
Colombia,2019,401.762
Colombia,2020,363.883
Colombia,2021,396.199
Colombia,2022,421.337
Czechia,1965,462.179
Czechia,1966,466.064
Czechia,1967,459.334
Czechia,1968,480.554
Czechia,1969,501.992
Czechia,1970,521.814
Czechia,1971,550.129
Czechia,1972,553.108
Czechia,1973,556.968
Czechia,1974,560.793
Czechia,1975,583.936
Czechia,1976,601.453
Czechia,1977,619.832
Czechia,1978,628.991
Czechia,1979,634.329
Czechia,1980,613.742
Czechia,1981,610.131
Czechia,1982,604.066
Czechia,1983,604.516
Czechia,1984,622.948
Czechia,1985,619.767
Czechia,1986,615.558
Czechia,1987,615.602
Czechia,1988,616.379
Czechia,1989,595.905
Czechia,1990,507.601
Czechia,1991,459.994
Czechia,1992,444.054
Czechia,1993,438.495
Czechia,1994,424.269
Czechia,1995,444.114
Czechia,1996,459.45
Czechia,1997,439.893
Czechia,1998,424.468
Czechia,1999,403.444
Czechia,2000,428.373
Czechia,2001,435.464
Czechia,2002,424.654
Czechia,2003,436.258
Czechia,2004,446.547
Czechia,2005,442.445
Czechia,2006,447.798
Czechia,2007,442.393
Czechia,2008,429.71
Czechia,2009,403.889
Czechia,2010,419.103
Czechia,2011,402.461
Czechia,2012,392.822
Czechia,2013,379.33
Czechia,2014,370.31
Czechia,2015,370.132
Czechia,2016,371.338
Czechia,2017,386.322
Czechia,2018,381.955
Czechia,2019,368.216
Czechia,2020,332.543
Czechia,2021,354.465
Czechia,2022,352.195
Denmark,1983,189.829
Denmark,1984,193.0
Denmark,1985,217.461
Denmark,1986,222.025
Denmark,1987,213.845
Denmark,1988,211.091
Denmark,1989,194.078
Denmark,1990,199.403
Denmark,1991,229.457
Denmark,1992,213.685
Denmark,1993,225.84
Denmark,1994,242.767
Denmark,1995,237.984
Denmark,1996,283.547
Denmark,1997,254.106
Denmark,1998,241.829
Denmark,1999,232.789
Denmark,2000,219.737
Denmark,2001,219.657
Denmark,2002,216.425
Denmark,2003,231.08
Denmark,2004,213.308
Denmark,2005,198.457
Denmark,2006,224.265
Denmark,2007,208.29
Denmark,2008,196.978
Denmark,2009,185.035
Denmark,2010,191.202
Denmark,2011,171.636
Denmark,2012,154.032
Denmark,2013,159.758
Denmark,2014,146.591
Denmark,2015,139.106
Denmark,2016,143.523
Denmark,2017,134.884
Denmark,2018,135.577
Denmark,2019,125.217
Denmark,2020,103.269
Denmark,2021,111.881
Denmark,2022,107.875
Egypt,1965,86.552
Egypt,1966,91.066
Egypt,1967,76.769
Egypt,1968,80.244
Egypt,1969,61.575
Egypt,1970,77.566
Egypt,1971,79.067
Egypt,1972,89.026
Egypt,1973,83.335
Egypt,1974,93.951
Egypt,1975,104.203
Egypt,1976,124.958
Egypt,1977,134.547
Egypt,1978,140.99
Egypt,1979,157.672
Egypt,1980,182.677
Egypt,1981,210.895
Egypt,1982,237.975
Egypt,1983,261.788
Egypt,1984,288.637
Egypt,1985,301.799
Egypt,1986,309.786
Egypt,1987,330.107
Egypt,1988,335.77
Egypt,1989,353.415
Egypt,1990,361.893
Egypt,1991,367.111
Egypt,1992,363.648
Egypt,1993,363.069
Egypt,1994,381.505
Egypt,1995,404.726
Egypt,1996,427.319
Egypt,1997,445.694
Egypt,1998,464.514
Egypt,1999,497.11
Egypt,2000,526.371
Egypt,2001,550.442
Egypt,2002,568.773
Egypt,2003,607.635
Egypt,2004,643.623
Egypt,2005,661.748
Egypt,2006,698.543
Egypt,2007,742.501
Egypt,2008,786.8
Egypt,2009,820.306
Egypt,2010,855.174
Egypt,2011,897.446
Egypt,2012,934.449
Egypt,2013,927.703
Egypt,2014,915.915
Egypt,2015,929.656
Egypt,2016,983.211
Egypt,2017,1024.652
Egypt,2018,1023.593
Egypt,2019,993.525
Egypt,2020,919.159
Egypt,2021,988.449
Egypt,2022,1042.99
Estonia,1985,118.453
Estonia,1986,117.883
Estonia,1987,119.666
Estonia,1988,117.633
Estonia,1989,121.225
Estonia,1990,127.571
Estonia,1991,116.732
Estonia,1992,81.388
Estonia,1993,67.587
Estonia,1994,68.539
Estonia,1995,62.147
Estonia,1996,65.997
Estonia,1997,65.002
Estonia,1998,58.293
Estonia,1999,53.684
Estonia,2000,55.297
Estonia,2001,57.751
Estonia,2002,57.499
Estonia,2003,62.686
Estonia,2004,63.917
Estonia,2005,64.143
Estonia,2006,63.292
Estonia,2007,73.315
Estonia,2008,67.233
Estonia,2009,57.061
Estonia,2010,69.847
Estonia,2011,69.313
Estonia,2012,68.937
Estonia,2013,73.686
Estonia,2014,69.839
Estonia,2015,63.885
Estonia,2016,66.0
Estonia,2017,72.885
Estonia,2018,71.619
Estonia,2019,56.056
Estonia,2020,49.837
Estonia,2021,52.478
Estonia,2022,52.255
Europe,1965,18040.414
Europe,1966,18725.041
Europe,1967,19468.668
Europe,1968,20525.055
Europe,1969,21843.609
Europe,1970,23158.85
Europe,1971,23970.354
Europe,1972,25122.734
Europe,1973,26532.684
Europe,1974,26674.383
Europe,1975,26900.479
Europe,1976,28305.391
Europe,1977,28758.291
Europe,1978,29879.764
Europe,1979,30836.889
Europe,1980,30477.561
Europe,1981,29954.541
Europe,1982,29827.781
Europe,1983,30016.596
Europe,1984,30561.48
Europe,1985,29190.621
Europe,1986,29672.891
Europe,1987,30192.584
Europe,1988,30268.707
Europe,1989,30267.363
Europe,1990,30296.844
Europe,1991,29730.371
Europe,1992,28381.848
Europe,1993,27056.703
Europe,1994,25796.328
Europe,1995,25632.396
Europe,1996,25801.768
Europe,1997,25174.148
Europe,1998,25276.344
Europe,1999,25109.949
Europe,2000,25307.494
Europe,2001,25628.006
Europe,2002,25563.428
Europe,2003,26156.68
Europe,2004,26344.371
Europe,2005,26396.191
Europe,2006,26829.59
Europe,2007,26579.707
Europe,2008,26351.707
Europe,2009,24480.172
Europe,2010,25354.889
Europe,2011,25048.824
Europe,2012,24734.588
Europe,2013,24189.742
Europe,2014,23169.67
Europe,2015,23058.387
Europe,2016,23445.352
Europe,2017,23643.029
Europe,2018,23765.145
Europe,2019,23216.477
Europe,2020,21209.012
Europe,2021,22591.658
Europe,2022,21391.652
Finland,1974,170.377
Finland,1975,175.149
Finland,1976,196.002
Finland,1977,193.424
Finland,1978,207.749
Finland,1979,214.705
Finland,1980,214.663
Finland,1981,185.531
Finland,1982,177.92
Finland,1983,171.277
Finland,1984,180.004
Finland,1985,195.565
Finland,1986,198.632
Finland,1987,208.147
Finland,1988,207.697
Finland,1989,211.29
Finland,1990,220.153
Finland,1991,220.412
Finland,1992,214.544
Finland,1993,217.083
Finland,1994,238.417
Finland,1995,218.854
Finland,1996,238.311
Finland,1997,231.651
Finland,1998,227.866
Finland,1999,227.324
Finland,2000,224.163
Finland,2001,237.285
Finland,2002,245.975
Finland,2003,273.592
Finland,2004,253.283
Finland,2005,223.277
Finland,2006,253.284
Finland,2007,246.213
Finland,2008,223.688
Finland,2009,212.701
Finland,2010,237.393
Finland,2011,214.826
Finland,2012,194.504
Finland,2013,202.25
Finland,2014,186.628
Finland,2015,175.874
Finland,2016,185.297
Finland,2017,175.713
Finland,2018,180.042
Finland,2019,170.712
Finland,2020,150.28
Finland,2021,146.423
Finland,2022,137.791
France,1965,1168.484
France,1966,1181.734
France,1967,1285.172
France,1968,1345.749
France,1969,1490.121
France,1970,1615.031
France,1971,1699.409
France,1972,1813.457
France,1973,1988.104
France,1974,1923.953
France,1975,1779.187
France,1976,1950.368
France,1977,1890.529
France,1978,1975.616
France,1979,2021.116
France,1980,1923.094
France,1981,1767.746
France,1982,1677.904
France,1983,1635.61
France,1984,1589.16
France,1985,1582.29
France,1986,1555.141
France,1987,1544.503
France,1988,1531.791
France,1989,1571.723
France,1990,1601.255
France,1991,1707.94
France,1992,1677.704
France,1993,1606.061
France,1994,1551.727
France,1995,1585.171
France,1996,1654.882
France,1997,1624.681
France,1998,1718.929
France,1999,1722.829
France,2000,1719.707
France,2001,1725.44
France,2002,1697.533
France,2003,1730.169
France,2004,1742.166
France,2005,1742.588
France,2006,1711.23
France,2007,1675.235
France,2008,1661.716
France,2009,1587.677
France,2010,1609.974
France,2011,1503.187
France,2012,1500.312
France,2013,1501.054
France,2014,1364.985
France,2015,1392.825
France,2016,1422.166
France,2017,1437.183
France,2018,1403.865
France,2019,1383.965
France,2020,1202.761
France,2021,1304.357
France,2022,1251.925
Germany,1965,2921.022
Germany,1966,2924.401
Germany,1967,2916.715
Germany,1968,3115.431
Germany,1969,3365.219
Germany,1970,3537.806
Germany,1971,3582.936
Germany,1972,3700.902
Germany,1973,3904.608
Germany,1974,3821.408
Germany,1975,3642.042
Germany,1976,3888.081
Germany,1977,3834.159
Germany,1978,3969.184
Germany,1979,4176.208
Germany,1980,4018.834
Germany,1981,3856.635
Germany,1982,3687.199
Germany,1983,3736.759
Germany,1984,3811.103
Germany,1985,3840.231
Germany,1986,3824.398
Germany,1987,3824.256
Germany,1988,3796.16
Germany,1989,3741.838
Germany,1990,3703.867
Germany,1991,3620.403
Germany,1992,3497.78
Germany,1993,3492.76
Germany,1994,3456.352
Germany,1995,3462.442
Germany,1996,3578.19
Germany,1997,3496.779
Germany,1998,3481.879
Germany,1999,3392.88
Germany,2000,3391.776
Germany,2001,3460.381
Germany,2002,3408.056
Germany,2003,3405.057
Germany,2004,3366.811
Germany,2005,3308.255
Germany,2006,3360.617
Germany,2007,3214.107
Germany,2008,3225.884
Germany,2009,3018.432
Germany,2010,3134.529
Germany,2011,3032.669
Germany,2012,3052.564
Germany,2013,3147.405
Germany,2014,2963.163
Germany,2015,2981.134
Germany,2016,3062.101
Germany,2017,3065.357
Germany,2018,2951.88
Germany,2019,2811.785
Germany,2020,2558.225
Germany,2021,2699.75
Germany,2022,2603.246
Greece,1982,188.653
Greece,1983,193.379
Greece,1984,200.675
Greece,1985,212.616
Greece,1986,211.814
Greece,1987,233.857
Greece,1988,248.601
Greece,1989,271.448
Greece,1990,282.076
Greece,1991,282.313
Greece,1992,290.077
Greece,1993,293.641
Greece,1994,297.846
Greece,1995,306.255
Greece,1996,311.831
Greece,1997,322.458
Greece,1998,343.575
Greece,1999,340.644
Greece,2000,360.798
Greece,2001,367.392
Greece,2002,365.895
Greece,2003,381.198
Greece,2004,381.141
Greece,2005,381.222
Greece,2006,388.89
Greece,2007,405.325
Greece,2008,394.571
Greece,2009,372.63
Greece,2010,347.664
Greece,2011,347.527
Greece,2012,319.955
Greece,2013,287.475
Greece,2014,273.054
Greece,2015,269.766
Greece,2016,265.029
Greece,2017,283.343
Greece,2018,279.199
Greece,2019,271.954
Greece,2020,228.181
Greece,2021,241.714
Greece,2022,252.99
Hungary,1965,184.754
Hungary,1966,187.167
Hungary,1967,178.65
Hungary,1968,185.343
Hungary,1969,198.482
Hungary,1970,213.879
Hungary,1971,220.813
Hungary,1972,227.953
Hungary,1973,246.895
Hungary,1974,254.522
Hungary,1975,269.237
Hungary,1976,287.667
Hungary,1977,302.539
Hungary,1978,323.63
Hungary,1979,320.44
Hungary,1980,321.508
Hungary,1981,318.084
Hungary,1982,319.524
Hungary,1983,307.005
Hungary,1984,311.796
Hungary,1985,314.536
Hungary,1986,310.303
Hungary,1987,314.981
Hungary,1988,300.006
Hungary,1989,290.022
Hungary,1990,283.713
Hungary,1991,262.303
Hungary,1992,249.415
Hungary,1993,239.08
Hungary,1994,243.101
Hungary,1995,246.341
Hungary,1996,251.241
Hungary,1997,244.755
Hungary,1998,249.247
Hungary,1999,248.597
Hungary,2000,239.832
Hungary,2001,247.049
Hungary,2002,241.128
Hungary,2003,252.717
Hungary,2004,253.057
Hungary,2005,264.136
Hungary,2006,260.493
Hungary,2007,252.034
Hungary,2008,244.675
Hungary,2009,220.379
Hungary,2010,224.51
Hungary,2011,217.824
Hungary,2012,199.771
Hungary,2013,187.814
Hungary,2014,185.849
Hungary,2015,198.327
Hungary,2016,202.307
Hungary,2017,215.885
Hungary,2018,217.812
Hungary,2019,217.758
Hungary,2020,210.904
Hungary,2021,221.17
Hungary,2022,201.945
India,1965,562.775
India,1966,579.228
India,1967,592.204
India,1968,627.55
India,1969,693.515
India,1970,670.029
India,1971,692.911
India,1972,737.422
India,1973,745.745
India,1974,800.703
India,1975,848.63
India,1976,889.208
India,1977,939.183
India,1978,948.443
India,1979,1016.124
India,1980,1047.712
India,1981,1167.579
India,1982,1182.495
India,1983,1254.259
India,1984,1330.719
India,1985,1418.261
India,1986,1525.9
India,1987,1642.974
India,1988,1783.563
India,1989,1944.618
India,1990,2086.01
India,1991,2193.086
India,1992,2326.79
India,1993,2388.339
India,1994,2504.123
India,1995,2713.743
India,1996,2848.561
India,1997,3009.745
India,1998,3162.595
India,1999,3260.487
India,2000,3446.03
India,2001,3466.253
India,2002,3589.969
India,2003,3728.399
India,2004,3964.438
India,2005,4237.514
India,2006,4427.847
India,2007,4801.275
India,2008,5125.357
India,2009,5552.823
India,2010,5770.731
India,2011,6001.939
India,2012,6381.226
India,2013,6551.184
India,2014,6993.901
India,2015,7246.493
India,2016,7593.63
India,2017,7845.052
India,2018,8249.621
India,2019,8357.201
India,2020,7838.526
India,2021,8549.395
India,2022,8954.851
Indonesia,1965,79.119
Indonesia,1966,76.879
Indonesia,1967,75.017
Indonesia,1968,78.69
Indonesia,1969,89.606
Indonesia,1970,94.58
Indonesia,1971,97.825
Indonesia,1972,104.421
Indonesia,1973,117.274
Indonesia,1974,125.508
Indonesia,1975,154.579
Indonesia,1976,164.831
Indonesia,1977,216.871
Indonesia,1978,246.131
Indonesia,1979,280.321
Indonesia,1980,301.86
Indonesia,1981,323.916
Indonesia,1982,330.0
Indonesia,1983,347.661
Indonesia,1984,382.745
Indonesia,1985,404.804
Indonesia,1986,427.853
Indonesia,1987,451.944
Indonesia,1988,476.518
Indonesia,1989,526.299
Indonesia,1990,577.781
Indonesia,1991,628.045
Indonesia,1992,685.257
Indonesia,1993,734.453
Indonesia,1994,771.489
Indonesia,1995,839.482
Indonesia,1996,900.404
Indonesia,1997,987.608
Indonesia,1998,955.598
Indonesia,1999,1045.11
Indonesia,2000,1120.133
Indonesia,2001,1195.066
Indonesia,2002,1232.899
Indonesia,2003,1343.931
Indonesia,2004,1328.325
Indonesia,2005,1365.573
Indonesia,2006,1393.239
Indonesia,2007,1492.976
Indonesia,2008,1506.96
Indonesia,2009,1546.658
Indonesia,2010,1661.329
Indonesia,2011,1772.05
Indonesia,2012,1827.526
Indonesia,2013,1748.419
Indonesia,2014,1768.565
Indonesia,2015,1809.009
Indonesia,2016,1780.842
Indonesia,2017,1845.782
Indonesia,2018,1975.415
Indonesia,2019,2093.457
Indonesia,2020,1890.595
Indonesia,2021,1914.898
Indonesia,2022,2437.859
Iran,1965,92.207
Iran,1966,100.574
Iran,1967,110.771
Iran,1968,121.925
Iran,1969,133.947
Iran,1970,158.71
Iran,1971,174.001
Iran,1972,195.868
Iran,1973,237.702
Iran,1974,269.81
Iran,1975,315.508
Iran,1976,355.126
Iran,1977,403.217
Iran,1978,387.311
Iran,1979,422.052
Iran,1980,389.55
Iran,1981,389.516
Iran,1982,441.039
Iran,1983,527.597
Iran,1984,572.862
Iran,1985,626.498
Iran,1986,582.427
Iran,1987,623.648
Iran,1988,635.196
Iran,1989,701.069
Iran,1990,789.457
Iran,1991,863.649
Iran,1992,946.208
Iran,1993,869.602
Iran,1994,988.354
Iran,1995,1033.333
Iran,1996,1124.82
Iran,1997,1168.567
Iran,1998,1213.365
Iran,1999,1316.257
Iran,2000,1385.28
Iran,2001,1479.933
Iran,2002,1602.894
Iran,2003,1628.308
Iran,2004,1797.438
Iran,2005,1898.726
Iran,2006,2067.248
Iran,2007,2202.812
Iran,2008,2301.915
Iran,2009,2359.876
Iran,2010,2392.636
Iran,2011,2499.1
Iran,2012,2519.074
Iran,2013,2596.271
Iran,2014,2706.107
Iran,2015,2700.365
Iran,2016,2820.377
Iran,2017,2921.311
Iran,2018,3041.288
Iran,2019,3149.172
Iran,2020,3297.185
Iran,2021,3308.467
Iran,2022,3335.62
Ireland,1979,101.345
Ireland,1980,97.948
Ireland,1981,95.446
Ireland,1982,94.915
Ireland,1983,93.573
Ireland,1984,92.828
Ireland,1985,97.062
Ireland,1986,104.786
Ireland,1987,106.69
Ireland,1988,105.62
Ireland,1989,109.409
Ireland,1990,115.825
Ireland,1991,120.256
Ireland,1992,120.588
Ireland,1993,123.32
Ireland,1994,128.159
Ireland,1995,131.465
Ireland,1996,138.774
Ireland,1997,143.319
Ireland,1998,153.326
Ireland,1999,162.192
Ireland,2000,169.822
Ireland,2001,180.125
Ireland,2002,177.301
Ireland,2003,173.529
Ireland,2004,176.311
Ireland,2005,182.757
Ireland,2006,187.192
Ireland,2007,189.127
Ireland,2008,185.6
Ireland,2009,164.151
Ireland,2010,166.767
Ireland,2011,154.086
Ireland,2012,151.88
Ireland,2013,148.27
Ireland,2014,145.665
Ireland,2015,151.093
Ireland,2016,159.873
Ireland,2017,156.516
Ireland,2018,157.237
Ireland,2019,153.616
Ireland,2020,138.318
Ireland,2021,146.449
Ireland,2022,151.494
Israel,1980,92.577
Israel,1981,94.15
Israel,1982,101.741
Israel,1983,101.809
Israel,1984,105.94
Israel,1985,98.251
Israel,1986,103.339
Israel,1987,110.809
Israel,1988,118.764
Israel,1989,124.27
Israel,1990,129.129
Israel,1991,131.262
Israel,1992,153.113
Israel,1993,166.291
Israel,1994,173.503
Israel,1995,195.137
Israel,1996,202.227
Israel,1997,221.141
Israel,1998,232.721
Israel,1999,241.175
Israel,2000,227.28
Israel,2001,227.155
Israel,2002,231.573
Israel,2003,238.592
Israel,2004,243.354
Israel,2005,244.494
Israel,2006,245.982
Israel,2007,255.159
Israel,2008,262.56
Israel,2009,254.916
Israel,2010,264.898
Israel,2011,269.484
Israel,2012,281.452
Israel,2013,266.119
Israel,2014,258.536
Israel,2015,271.956
Israel,2016,276.106
Israel,2017,281.705
Israel,2018,285.869
Israel,2019,292.748
Israel,2020,273.316
Israel,2021,274.963
Israel,2022,284.416
Italy,1965,784.806
Italy,1966,858.3
Italy,1967,947.664
Italy,1968,1035.889
Italy,1969,1132.354
Italy,1970,1261.199
Italy,1971,1338.66
Italy,1972,1404.391
Italy,1973,1484.557
Italy,1974,1481.234
Italy,1975,1437.428
Italy,1976,1530.989
Italy,1977,1502.516
Italy,1978,1557.162
Italy,1979,1614.52
Italy,1980,1572.048
Italy,1981,1542.565
Italy,1982,1501.917
Italy,1983,1470.51
Italy,1984,1489.553
Italy,1985,1487.119
Italy,1986,1525.958
Italy,1987,1604.471
Italy,1988,1643.894
Italy,1989,1714.709
Italy,1990,1752.051
Italy,1991,1778.829
Italy,1992,1770.387
Italy,1993,1731.741
Italy,1994,1718.565
Italy,1995,1814.167
Italy,1996,1799.482
Italy,1997,1832.987
Italy,1998,1877.466
Italy,1999,1919.906
Italy,2000,1949.068
Italy,2001,1937.946
Italy,2002,1942.135
Italy,2003,2013.508
Italy,2004,2038.851
Italy,2005,2058.696
Italy,2006,2042.676
Italy,2007,2010.122
Italy,2008,1938.828
Italy,2009,1762.991
Italy,2010,1803.918
Italy,2011,1749.311
Italy,2012,1668.513
Italy,2013,1531.288
Italy,2014,1414.442
Italy,2015,1496.994
Italy,2016,1507.98
Italy,2017,1541.387
Italy,2018,1525.036
Italy,2019,1494.493
Italy,2020,1320.996
Italy,2021,1440.987
Italy,2022,1423.48
Japan,1965,1598.555
Japan,1966,1777.571
Japan,1967,2100.549
Japan,1968,2349.549
Japan,1969,2701.243
Japan,1970,3034.734
Japan,1971,3211.307
Japan,1972,3370.138
Japan,1973,3823.21
Japan,1974,3767.017
Japan,1975,3567.659
Japan,1976,3683.707
Japan,1977,3749.69
Japan,1978,3848.236
Japan,1979,3951.389
Japan,1980,3765.882
Japan,1981,3693.186
Japan,1982,3480.966
Japan,1983,3490.373
Japan,1984,3815.343
Japan,1985,3743.137
Japan,1986,3735.453
Japan,1987,3774.433
Japan,1988,4057.01
Japan,1989,4182.906
Japan,1990,4374.012
Japan,1991,4428.32
Japan,1992,4502.179
Japan,1993,4460.201
Japan,1994,4712.571
Japan,1995,4876.483
Japan,1996,4966.399
Japan,1997,4982.256
Japan,1998,4837.621
Japan,1999,4976.206
Japan,2000,5035.611
Japan,2001,4988.117
Japan,2002,5021.025
Japan,2003,5200.919
Japan,2004,5122.87
Japan,2005,5157.83
Japan,2006,5086.065
Japan,2007,5130.279
Japan,2008,5100.908
Japan,2009,4527.235
Japan,2010,4790.777
Japan,2011,4841.036
Japan,2012,5189.08
Japan,2013,5133.329
Japan,2014,4996.624
Japan,2015,4853.515
Japan,2016,4761.283
Japan,2017,4755.587
Japan,2018,4643.376
Japan,2019,4477.786
Japan,2020,4118.038
Japan,2021,4240.516
Japan,2022,4206.433
Kazakhstan,1985,780.62
Kazakhstan,1986,800.111
Kazakhstan,1987,815.645
Kazakhstan,1988,842.284
Kazakhstan,1989,827.645
Kazakhstan,1990,837.644
Kazakhstan,1991,835.717
Kazakhstan,1992,825.856
Kazakhstan,1993,724.328
Kazakhstan,1994,638.201
Kazakhstan,1995,573.856
Kazakhstan,1996,499.274
Kazakhstan,1997,439.508
Kazakhstan,1998,414.593
Kazakhstan,1999,388.829
Kazakhstan,2000,347.478
Kazakhstan,2001,392.451
Kazakhstan,2002,397.997
Kazakhstan,2003,439.678
Kazakhstan,2004,470.586
Kazakhstan,2005,485.014
Kazakhstan,2006,524.058
Kazakhstan,2007,582.043
Kazakhstan,2008,617.184
Kazakhstan,2009,553.453
Kazakhstan,2010,592.122
Kazakhstan,2011,675.498
Kazakhstan,2012,712.221
Kazakhstan,2013,715.38
Kazakhstan,2014,750.722
Kazakhstan,2015,616.751
Kazakhstan,2016,689.369
Kazakhstan,2017,745.685
Kazakhstan,2018,774.227
Kazakhstan,2019,784.761
Kazakhstan,2020,720.058
Kazakhstan,2021,781.809
Kazakhstan,2022,832.103
Latvia,1985,97.481
Latvia,1986,89.895
Latvia,1987,79.185
Latvia,1988,76.184
Latvia,1989,74.373
Latvia,1990,73.172
Latvia,1991,69.995
Latvia,1992,49.58
Latvia,1993,40.651
Latvia,1994,37.85
Latvia,1995,35.884
Latvia,1996,35.962
Latvia,1997,33.034
Latvia,1998,32.694
Latvia,1999,30.436
Latvia,2000,29.404
Latvia,2001,32.323
Latvia,2002,33.766
Latvia,2003,33.731
Latvia,2004,36.334
Latvia,2005,37.135
Latvia,2006,36.563
Latvia,2007,37.894
Latvia,2008,37.179
Latvia,2009,33.829
Latvia,2010,39.241
Latvia,2011,35.508
Latvia,2012,34.352
Latvia,2013,34.124
Latvia,2014,32.656
Latvia,2015,33.579
Latvia,2016,34.605
Latvia,2017,33.823
Latvia,2018,33.352
Latvia,2019,35.491
Latvia,2020,30.221
Latvia,2021,31.613
Latvia,2022,28.995
Lithuania,1985,152.632
Lithuania,1986,137.552
Lithuania,1987,147.538
Lithuania,1988,145.829
Lithuania,1989,150.184
Lithuania,1990,152.354
Lithuania,1991,164.214
Lithuania,1992,88.311
Lithuania,1993,66.319
Lithuania,1994,65.051
Lithuania,1995,63.99
Lithuania,1996,66.83
Lithuania,1997,63.998
Lithuania,1998,66.465
Lithuania,1999,58.611
Lithuania,2000,53.142
Lithuania,2001,58.273
Lithuania,2002,56.747
Lithuania,2003,58.078
Lithuania,2004,59.859
Lithuania,2005,64.082
Lithuania,2006,64.523
Lithuania,2007,69.145
Lithuania,2008,68.023
Lithuania,2009,58.401
Lithuania,2010,62.644
Lithuania,2011,64.842
Lithuania,2012,64.557
Lithuania,2013,58.399
Lithuania,2014,56.131
Lithuania,2015,58.394
Lithuania,2016,58.657
Lithuania,2017,60.917
Lithuania,2018,63.582
Lithuania,2019,62.92
Lithuania,2020,62.0
Lithuania,2021,61.422
Lithuania,2022,55.716
Luxembourg,1965,41.549
Luxembourg,1966,39.827
Luxembourg,1967,39.192
Luxembourg,1968,42.404
Luxembourg,1969,45.689
Luxembourg,1970,47.426
Luxembourg,1971,45.7
Luxembourg,1972,47.105
Luxembourg,1973,49.966
Luxembourg,1974,50.672
Luxembourg,1975,42.085
Luxembourg,1976,42.222
Luxembourg,1977,39.248
Luxembourg,1978,40.848
Luxembourg,1979,41.972
Luxembourg,1980,38.658
Luxembourg,1981,32.993
Luxembourg,1982,30.921
Luxembourg,1983,28.892
Luxembourg,1984,31.129
Luxembourg,1985,32.025
Luxembourg,1986,31.255
Luxembourg,1987,29.465
Luxembourg,1988,30.227
Luxembourg,1989,34.849
Luxembourg,1990,36.904
Luxembourg,1991,39.636
Luxembourg,1992,39.798
Luxembourg,1993,40.324
Luxembourg,1994,38.708
Luxembourg,1995,33.612
Luxembourg,1996,34.673
Luxembourg,1997,33.85
Luxembourg,1998,32.561
Luxembourg,1999,34.495
Luxembourg,2000,36.694
Luxembourg,2001,39.367
Luxembourg,2002,43.133
Luxembourg,2003,45.285
Luxembourg,2004,51.204
Luxembourg,2005,51.939
Luxembourg,2006,50.909
Luxembourg,2007,48.843
Luxembourg,2008,48.435
Luxembourg,2009,46.341
Luxembourg,2010,48.863
Luxembourg,2011,47.574
Luxembourg,2012,46.521
Luxembourg,2013,44.019
Luxembourg,2014,42.344
Luxembourg,2015,40.87
Luxembourg,2016,40.152
Luxembourg,2017,41.385
Luxembourg,2018,43.115
Luxembourg,2019,43.544
Luxembourg,2020,36.092
Luxembourg,2021,38.878
Luxembourg,2022,34.833
Malaysia,1970,40.709
Malaysia,1971,46.349
Malaysia,1972,51.66
Malaysia,1973,54.751
Malaysia,1974,55.854
Malaysia,1975,57.702
Malaysia,1976,64.947
Malaysia,1977,76.976
Malaysia,1978,102.596
Malaysia,1979,117.807
Malaysia,1980,122.446
Malaysia,1981,126.274
Malaysia,1982,135.717
Malaysia,1983,155.789
Malaysia,1984,163.266
Malaysia,1985,160.741
Malaysia,1986,176.474
Malaysia,1987,179.845
Malaysia,1988,187.662
Malaysia,1989,213.336
Malaysia,1990,229.079
Malaysia,1991,288.71
Malaysia,1992,327.881
Malaysia,1993,328.164
Malaysia,1994,344.567
Malaysia,1995,379.565
Malaysia,1996,428.944
Malaysia,1997,503.112
Malaysia,1998,482.262
Malaysia,1999,507.097
Malaysia,2000,588.754
Malaysia,2001,606.162
Malaysia,2002,642.078
Malaysia,2003,698.065
Malaysia,2004,753.741
Malaysia,2005,815.987
Malaysia,2006,823.778
Malaysia,2007,880.427
Malaysia,2008,907.648
Malaysia,2009,879.308
Malaysia,2010,911.236
Malaysia,2011,921.792
Malaysia,2012,1006.893
Malaysia,2013,1048.489
Malaysia,2014,1055.032
Malaysia,2015,1069.537
Malaysia,2016,1111.387
Malaysia,2017,1109.144
Malaysia,2018,1128.862
Malaysia,2019,1156.852
Malaysia,2020,1103.781
Malaysia,2021,1168.514
Malaysia,2022,1234.011
Mexico,1965,267.117
Mexico,1966,280.664
Mexico,1967,283.972
Mexico,1968,307.382
Mexico,1969,338.786
Mexico,1970,359.662
Mexico,1971,381.74
Mexico,1972,423.654
Mexico,1973,457.604
Mexico,1974,506.962
Mexico,1975,549.22
Mexico,1976,581.216
Mexico,1977,610.272
Mexico,1978,702.859
Mexico,1979,775.9
Mexico,1980,853.725
Mexico,1981,926.551
Mexico,1982,972.851
Mexico,1983,967.5
Mexico,1984,1006.992
Mexico,1985,1045.681
Mexico,1986,1028.067
Mexico,1987,1067.337
Mexico,1988,1067.749
Mexico,1989,1120.536
Mexico,1990,1223.802
Mexico,1991,1262.041
Mexico,1992,1275.428
Mexico,1993,1273.897
Mexico,1994,1374.779
Mexico,1995,1315.271
Mexico,1996,1344.127
Mexico,1997,1388.183
Mexico,1998,1457.507
Mexico,1999,1454.533
Mexico,2000,1552.956
Mexico,2001,1552.589
Mexico,2002,1601.973
Mexico,2003,1633.6
Mexico,2004,1723.788
Mexico,2005,1886.799
Mexico,2006,1910.914
Mexico,2007,1938.41
Mexico,2008,1993.404
Mexico,2009,1991.019
Mexico,2010,1979.88
Mexico,2011,2067.558
Mexico,2012,2099.47
Mexico,2013,2101.287
Mexico,2014,2057.915
Mexico,2015,2043.285
Mexico,2016,2092.532
Mexico,2017,2127.615
Mexico,2018,2081.49
Mexico,2019,2056.365
Mexico,2020,1850.049
Mexico,2021,1971.404
Mexico,2022,2179.545
Morocco,1965,14.174
Morocco,1966,20.268
Morocco,1967,21.884
Morocco,1968,23.324
Morocco,1969,24.964
Morocco,1970,26.395
Morocco,1971,27.785
Morocco,1972,30.171
Morocco,1973,35.231
Morocco,1974,37.477
Morocco,1975,39.106
Morocco,1976,42.688
Morocco,1977,47.154
Morocco,1978,50.15
Morocco,1979,55.925
Morocco,1980,56.296
Morocco,1981,55.922
Morocco,1982,59.058
Morocco,1983,60.949
Morocco,1984,62.122
Morocco,1985,63.866
Morocco,1986,65.634
Morocco,1987,67.126
Morocco,1988,70.719
Morocco,1989,77.426
Morocco,1990,79.148
Morocco,1991,80.179
Morocco,1992,90.929
Morocco,1993,93.456
Morocco,1994,101.971
Morocco,1995,100.645
Morocco,1996,101.327
Morocco,1997,105.194
Morocco,1998,108.957
Morocco,1999,116.052
Morocco,2000,115.151
Morocco,2001,123.768
Morocco,2002,127.068
Morocco,2003,125.681
Morocco,2004,143.404
Morocco,2005,157.981
Morocco,2006,161.348
Morocco,2007,159.889
Morocco,2008,176.719
Morocco,2009,167.525
Morocco,2010,183.502
Morocco,2011,197.305
Morocco,2012,201.953
Morocco,2013,203.077
Morocco,2014,207.377
Morocco,2015,208.983
Morocco,2016,210.856
Morocco,2017,221.466
Morocco,2018,224.658
Morocco,2019,243.957
Morocco,2020,222.034
Morocco,2021,248.046
Morocco,2022,238.128
Netherlands,1965,413.96
Netherlands,1966,443.377
Netherlands,1967,468.8
Netherlands,1968,524.314
Netherlands,1969,583.893
Netherlands,1970,658.754
Netherlands,1971,694.623
Netherlands,1972,807.213
Netherlands,1973,856.538
Netherlands,1974,806.659
Netherlands,1975,810.819
Netherlands,1976,883.653
Netherlands,1977,868.019
Netherlands,1978,883.795
Netherlands,1979,915.442
Netherlands,1980,857.009
Netherlands,1981,813.257
Netherlands,1982,752.512
Netherlands,1983,757.146
Netherlands,1984,786.785
Netherlands,1985,810.368
Netherlands,1986,849.9
Netherlands,1987,869.094
Netherlands,1988,871.224
Netherlands,1989,874.003
Netherlands,1990,898.242
Netherlands,1991,915.655
Netherlands,1992,925.142
Netherlands,1993,932.219
Netherlands,1994,921.555
Netherlands,1995,959.114
Netherlands,1996,999.571
Netherlands,1997,985.665
Netherlands,1998,987.822
Netherlands,1999,975.016
Netherlands,2000,986.377
Netherlands,2001,1024.024
Netherlands,2002,1022.69
Netherlands,2003,1029.642
Netherlands,2004,1061.81
Netherlands,2005,1078.145
Netherlands,2006,1054.878
Netherlands,2007,1069.354
Netherlands,2008,1051.265
Netherlands,2009,1030.883
Netherlands,2010,1123.363
Netherlands,2011,1063.291
Netherlands,2012,1043.879
Netherlands,2013,1015.559
Netherlands,2014,967.208
Netherlands,2015,980.515
Netherlands,2016,988.384
Netherlands,2017,989.999
Netherlands,2018,957.986
Netherlands,2019,940.44
Netherlands,2020,878.087
Netherlands,2021,884.191
Netherlands,2022,831.775
New Zealand,1970,64.73
New Zealand,1971,64.675
New Zealand,1972,69.535
New Zealand,1973,74.808
New Zealand,1974,73.6
New Zealand,1975,71.12
New Zealand,1976,78.949
New Zealand,1977,84.177
New Zealand,1978,80.006
New Zealand,1979,73.918
New Zealand,1980,71.184
New Zealand,1981,70.731
New Zealand,1982,79.179
New Zealand,1983,80.327
New Zealand,1984,86.663
New Zealand,1985,90.157
New Zealand,1986,94.875
New Zealand,1987,97.222
New Zealand,1988,101.135
New Zealand,1989,104.945
New Zealand,1990,109.201
New Zealand,1991,113.329
New Zealand,1992,119.126
New Zealand,1993,117.341
New Zealand,1994,121.704
New Zealand,1995,124.589
New Zealand,1996,131.88
New Zealand,1997,140.278
New Zealand,1998,133.419
New Zealand,1999,141.677
New Zealand,2000,146.035
New Zealand,2001,153.164
New Zealand,2002,152.584
New Zealand,2003,149.795
New Zealand,2004,145.488
New Zealand,2005,149.443
New Zealand,2006,149.966
New Zealand,2007,148.064
New Zealand,2008,150.735
New Zealand,2009,142.361
New Zealand,2010,143.889
New Zealand,2011,142.582
New Zealand,2012,149.928
New Zealand,2013,150.965
New Zealand,2014,156.516
New Zealand,2015,156.009
New Zealand,2016,155.574
New Zealand,2017,163.61
New Zealand,2018,160.17
New Zealand,2019,167.072
New Zealand,2020,146.289
New Zealand,2021,140.971
New Zealand,2022,132.661
North America,1965,15347.377
North America,1966,16218.936
North America,1967,16736.898
North America,1968,17775.721
North America,1969,18647.773
North America,1970,19414.338
North America,1971,19756.76
North America,1972,20769.418
North America,1973,21688.461
North America,1974,21083.064
North America,1975,20408.438
North America,1976,21554.375
North America,1977,22218.775
North America,1978,22515.379
North America,1979,22916.947
North America,1980,22209.535
North America,1981,21591.08
North America,1982,20556.459
North America,1983,20294.574
North America,1984,21344.818
North America,1985,21277.691
North America,1986,21306.656
North America,1987,22084.354
North America,1988,23046.791
North America,1989,23566.441
North America,1990,23372.797
North America,1991,23211.742
North America,1992,23685.5
North America,1993,24124.213
North America,1994,24705.273
North America,1995,25015.238
North America,1996,25825.137
North America,1997,26245.949
North America,1998,26485.832
North America,1999,26840.018
North America,2000,27693.957
North America,2001,27239.992
North America,2002,27579.246
North America,2003,27798.334
North America,2004,28381.887
North America,2005,28533.559
North America,2006,28273.426
North America,2007,28792.465
North America,2008,27972.254
North America,2009,26424.395
North America,2010,27277.959
North America,2011,27001.244
North America,2012,26457.598
North America,2013,27023.85
North America,2014,27217.621
North America,2015,26950.023
North America,2016,26673.074
North America,2017,26640.096
North America,2018,27556.65
North America,2019,27259.645
North America,2020,24712.73
North America,2021,26142.816
North America,2022,26846.479
Norway,1977,118.404
Norway,1978,133.203
Norway,1979,135.93
Norway,1980,131.659
Norway,1981,125.662
Norway,1982,121.959
Norway,1983,122.246
Norway,1984,127.063
Norway,1985,132.684
Norway,1986,140.295
Norway,1987,140.906
Norway,1988,138.122
Norway,1989,139.988
Norway,1990,136.493
Norway,1991,130.459
Norway,1992,135.345
Norway,1993,143.084
Norway,1994,148.486
Norway,1995,148.505
Norway,1996,158.624
Norway,1997,165.279
Norway,1998,167.271
Norway,1999,163.752
Norway,2000,160.233
Norway,2001,170.193
Norway,2002,167.617
Norway,2003,174.418
Norway,2004,175.57
Norway,2005,169.713
Norway,2006,170.812
Norway,2007,169.249
Norway,2008,169.035
Norway,2009,166.814
Norway,2010,171.438
Norway,2011,169.643
Norway,2012,166.534
Norway,2013,169.762
Norway,2014,167.458
Norway,2015,169.07
Norway,2016,163.905
Norway,2017,165.923
Norway,2018,167.236
Norway,2019,164.403
Norway,2020,157.206
Norway,2021,157.654
Norway,2022,149.441
Oceania,1965,453.844
Oceania,1966,478.217
Oceania,1967,504.62
Oceania,1968,532.271
Oceania,1969,552.756
Oceania,1970,603.924
Oceania,1971,628.615
Oceania,1972,660.573
Oceania,1973,706.756
Oceania,1974,743.106
Oceania,1975,749.437
Oceania,1976,784.64
Oceania,1977,828.727
Oceania,1978,846.539
Oceania,1979,871.749
Oceania,1980,874.381
Oceania,1981,886.232
Oceania,1982,889.689
Oceania,1983,864.04
Oceania,1984,898.862
Oceania,1985,925.049
Oceania,1986,946.838
Oceania,1987,976.648
Oceania,1988,1019.865
Oceania,1989,1072.295
Oceania,1990,1096.192
Oceania,1991,1090.035
Oceania,1992,1112.001
Oceania,1993,1130.775
Oceania,1994,1177.124
Oceania,1995,1229.949
Oceania,1996,1269.68
Oceania,1997,1307.099
Oceania,1998,1329.426
Oceania,1999,1387.014
Oceania,2000,1399.229
Oceania,2001,1417.634
Oceania,2002,1441.579
Oceania,2003,1456.019
Oceania,2004,1493.241
Oceania,2005,1498.957
Oceania,2006,1558.537
Oceania,2007,1594.335
Oceania,2008,1626.092
Oceania,2009,1592.728
Oceania,2010,1587.654
Oceania,2011,1612.524
Oceania,2012,1598.664
Oceania,2013,1605.249
Oceania,2014,1629.51
Oceania,2015,1656.948
Oceania,2016,1646.886
Oceania,2017,1657.56
Oceania,2018,1651.072
Oceania,2019,1698.229
Oceania,2020,1561.418
Oceania,2021,1528.194
Oceania,2022,1553.729
Pakistan,1965,75.73
Pakistan,1966,76.346
Pakistan,1967,84.022
Pakistan,1968,94.879
Pakistan,1969,94.87
Pakistan,1970,94.314
Pakistan,1971,84.82
Pakistan,1972,77.085
Pakistan,1973,82.058
Pakistan,1974,89.535
Pakistan,1975,92.569
Pakistan,1976,93.278
Pakistan,1977,99.949
Pakistan,1978,104.349
Pakistan,1979,114.329
Pakistan,1980,128.243
Pakistan,1981,138.46
Pakistan,1982,152.034
Pakistan,1983,159.608
Pakistan,1984,169.575
Pakistan,1985,178.549
Pakistan,1986,192.922
Pakistan,1987,210.104
Pakistan,1988,224.253
Pakistan,1989,240.326
Pakistan,1990,253.785
Pakistan,1991,268.447
Pakistan,1992,279.485
Pakistan,1993,310.303
Pakistan,1994,324.059
Pakistan,1995,341.938
Pakistan,1996,363.173
Pakistan,1997,367.059
Pakistan,1998,381.446
Pakistan,1999,409.907
Pakistan,2000,426.193
Pakistan,2001,432.748
Pakistan,2002,446.136
Pakistan,2003,479.967
Pakistan,2004,537.402
Pakistan,2005,551.605
Pakistan,2006,588.34
Pakistan,2007,628.545
Pakistan,2008,646.459
Pakistan,2009,650.484
Pakistan,2010,651.213
Pakistan,2011,645.356
Pakistan,2012,650.993
Pakistan,2013,653.974
Pakistan,2014,674.59
Pakistan,2015,713.565
Pakistan,2016,777.476
Pakistan,2017,830.01
Pakistan,2018,856.861
Pakistan,2019,851.917
Pakistan,2020,837.067
Pakistan,2021,932.803
Pakistan,2022,836.13
Peru,1965,47.245
Peru,1966,58.785
Peru,1967,59.0
Peru,1968,59.577
Peru,1969,59.197
Peru,1970,61.884
Peru,1971,62.419
Peru,1972,54.107
Peru,1973,62.155
Peru,1974,72.371
Peru,1975,76.652
Peru,1976,77.628
Peru,1977,77.725
Peru,1978,77.123
Peru,1979,79.465
Peru,1980,85.851
Peru,1981,88.429
Peru,1982,87.779
Peru,1983,74.483
Peru,1984,78.106
Peru,1985,74.295
Peru,1986,80.245
Peru,1987,88.035
Peru,1988,85.937
Peru,1989,76.423
Peru,1990,75.626
Peru,1991,71.743
Peru,1992,74.28
Peru,1993,77.716
Peru,1994,84.739
Peru,1995,94.612
Peru,1996,97.601
Peru,1997,95.2
Peru,1998,97.809
Peru,1999,99.191
Peru,2000,99.02
Peru,2001,93.803
Peru,2002,96.151
Peru,2003,93.116
Peru,2004,106.286
Peru,2005,111.062
Peru,2006,107.816
Peru,2007,122.738
Peru,2008,138.521
Peru,2009,139.531
Peru,2010,165.214
Peru,2011,184.509
Peru,2012,190.22
Peru,2013,194.076
Peru,2014,199.364
Peru,2015,208.546
Peru,2016,225.294
Peru,2017,216.149
Peru,2018,224.706
Peru,2019,231.128
Peru,2020,184.743
Peru,2021,219.253
Peru,2022,242.419
Poland,1965,773.321
Poland,1966,788.407
Poland,1967,811.33
Poland,1968,873.245
Poland,1969,933.403
Poland,1970,982.496
Poland,1971,1014.182
Poland,1972,1069.884
Poland,1973,1090.047
Poland,1974,1124.231
Poland,1975,1213.711
Poland,1976,1280.073
Poland,1977,1333.783
Poland,1978,1400.757
Poland,1979,1422.143
Poland,1980,1487.892
Poland,1981,1341.295
Poland,1982,1367.637
Poland,1983,1373.266
Poland,1984,1428.652
Poland,1985,1459.699
Poland,1986,1502.005
Poland,1987,1551.107
Poland,1988,1521.303
Poland,1989,1464.437
Poland,1990,1205.964
Poland,1991,1179.685
Poland,1992,1127.586
Poland,1993,1127.253
Poland,1994,1077.893
Poland,1995,1102.926
Poland,1996,1157.815
Poland,1997,1146.197
Poland,1998,1096.658
Poland,1999,1075.722
Poland,2000,1010.577
Poland,2001,1002.168
Poland,2002,991.386
Poland,2003,1027.221
Poland,2004,1031.939
Poland,2005,1052.26
Poland,2006,1103.035
Poland,2007,1096.414
Poland,2008,1108.293
Poland,2009,1060.088
Poland,2010,1125.899
Poland,2011,1125.514
Poland,2012,1079.676
Poland,2013,1082.904
Poland,2014,1034.271
Poland,2015,1039.33
Poland,2016,1090.46
Poland,2017,1131.243
Poland,2018,1148.276
Poland,2019,1101.943
Poland,2020,1046.057
Poland,2021,1129.128
Poland,2022,1086.037
Romania,1965,275.749
Romania,1966,294.209
Romania,1967,327.369
Romania,1968,348.361
Romania,1969,399.256
Romania,1970,423.811
Romania,1971,445.274
Romania,1972,461.563
Romania,1973,503.507
Romania,1974,504.432
Romania,1975,549.83
Romania,1976,598.37
Romania,1977,632.307
Romania,1978,679.368
Romania,1979,691.287
Romania,1980,694.479
Romania,1981,695.924
Romania,1982,692.222
Romania,1983,692.521
Romania,1984,683.508
Romania,1985,677.312
Romania,1986,698.118
Romania,1987,723.972
Romania,1988,727.443
Romania,1989,732.031
Romania,1990,701.467
Romania,1991,581.308
Romania,1992,516.071
Romania,1993,497.464
Romania,1994,466.274
Romania,1995,505.442
Romania,1996,500.881
Romania,1997,456.194
Romania,1998,407.926
Romania,1999,352.338
Romania,2000,361.152
Romania,2001,365.912
Romania,2002,379.02
Romania,2003,389.129
Romania,2004,394.386
Romania,2005,385.152
Romania,2006,399.999
Romania,2007,384.53
Romania,2008,372.527
Romania,2009,318.535
Romania,2010,310.255
Romania,2011,330.323
Romania,2012,319.748
Romania,2013,279.87
Romania,2014,280.512
Romania,2015,279.727
Romania,2016,278.24
Romania,2017,291.52
Romania,2018,294.593
Romania,2019,289.284
Romania,2020,270.517
Romania,2021,284.974
Romania,2022,267.648
Russia,1985,8801.017
Russia,1986,8939.963
Russia,1987,9208.188
Russia,1988,9359.675
Russia,1989,9396.659
Russia,1990,9246.796
Russia,1991,9100.938
Russia,1992,8716.629
Russia,1993,8065.386
Russia,1994,7340.464
Russia,1995,6898.247
Russia,1996,6647.377
Russia,1997,6237.438
Russia,1998,6234.794
Russia,1999,6265.97
Russia,2000,6357.776
Russia,2001,6431.018
Russia,2002,6427.902
Russia,2003,6577.551
Russia,2004,6606.419
Russia,2005,6597.732
Russia,2006,6915.315
Russia,2007,6942.083
Russia,2008,7010.48
Russia,2009,6595.961
Russia,2010,6897.14
Russia,2011,7171.495
Russia,2012,7211.754
Russia,2013,7086.412
Russia,2014,7115.749
Russia,2015,6970.462
Russia,2016,7090.127
Russia,2017,7126.127
Russia,2018,7413.197
Russia,2019,7330.662
Russia,2020,6961.051
Russia,2021,7607.923
Russia,2022,6927.507
Saudi Arabia,1965,235.14
Saudi Arabia,1966,238.322
Saudi Arabia,1967,241.765
Saudi Arabia,1968,245.518
Saudi Arabia,1969,249.663
Saudi Arabia,1970,262.855
Saudi Arabia,1971,263.272
Saudi Arabia,1972,282.169
Saudi Arabia,1973,301.0
Saudi Arabia,1974,319.354
Saudi Arabia,1975,253.261
Saudi Arabia,1976,292.794
Saudi Arabia,1977,345.763
Saudi Arabia,1978,385.336
Saudi Arabia,1979,466.843
Saudi Arabia,1980,419.916
Saudi Arabia,1981,501.237
Saudi Arabia,1982,551.853
Saudi Arabia,1983,597.982
Saudi Arabia,1984,715.298
Saudi Arabia,1985,729.734
Saudi Arabia,1986,784.659
Saudi Arabia,1987,831.738
Saudi Arabia,1988,870.275
Saudi Arabia,1989,856.545
Saudi Arabia,1990,928.337
Saudi Arabia,1991,972.452
Saudi Arabia,1992,981.756
Saudi Arabia,1993,1002.85
Saudi Arabia,1994,1159.58
Saudi Arabia,1995,1130.006
Saudi Arabia,1996,1168.553
Saudi Arabia,1997,1190.249
Saudi Arabia,1998,1252.577
Saudi Arabia,1999,1275.43
Saudi Arabia,2000,1334.88
Saudi Arabia,2001,1422.332
Saudi Arabia,2002,1481.383
Saudi Arabia,2003,1569.191
Saudi Arabia,2004,1702.448
Saudi Arabia,2005,1811.106
Saudi Arabia,2006,1900.17
Saudi Arabia,2007,1944.057
Saudi Arabia,2008,2128.462
Saudi Arabia,2009,2205.136
Saudi Arabia,2010,2451.095
Saudi Arabia,2011,2557.276
Saudi Arabia,2012,2714.14
Saudi Arabia,2013,2731.104
Saudi Arabia,2014,2931.593
Saudi Arabia,2015,3056.502
Saudi Arabia,2016,3179.721
Saudi Arabia,2017,3181.633
Saudi Arabia,2018,3101.243
Saudi Arabia,2019,2972.727
Saudi Arabia,2020,2890.368
Saudi Arabia,2021,2985.358
Saudi Arabia,2022,3191.137
Slovakia,1965,100.263
Slovakia,1966,104.285
Slovakia,1967,105.767
Slovakia,1968,117.732
Slovakia,1969,124.261
Slovakia,1970,135.918
Slovakia,1971,147.556
Slovakia,1972,155.186
Slovakia,1973,161.649
Slovakia,1974,166.986
Slovakia,1975,176.635
Slovakia,1976,182.713
Slovakia,1977,192.196
Slovakia,1978,202.717
Slovakia,1979,203.828
Slovakia,1980,199.543
Slovakia,1981,196.964
Slovakia,1982,193.343
Slovakia,1983,192.772
Slovakia,1984,207.158
Slovakia,1985,206.786
Slovakia,1986,199.396
Slovakia,1987,204.576
Slovakia,1988,206.424
Slovakia,1989,207.379
Slovakia,1990,208.642
Slovakia,1991,184.857
Slovakia,1992,176.66
Slovakia,1993,167.133
Slovakia,1994,158.227
Slovakia,1995,162.867
Slovakia,1996,166.784
Slovakia,1997,163.884
Slovakia,1998,164.573
Slovakia,1999,160.844
Slovakia,2000,157.799
Slovakia,2001,161.038
Slovakia,2002,160.25
Slovakia,2003,159.734
Slovakia,2004,156.056
Slovakia,2005,164.046
Slovakia,2006,156.725
Slovakia,2007,150.21
Slovakia,2008,153.309
Slovakia,2009,139.674
Slovakia,2010,148.8
Slovakia,2011,141.414
Slovakia,2012,132.598
Slovakia,2013,134.549
Slovakia,2014,121.688
Slovakia,2015,125.02
Slovakia,2016,126.514
Slovakia,2017,136.099
Slovakia,2018,135.674
Slovakia,2019,125.968
Slovakia,2020,121.471
Slovakia,2021,135.072
Slovakia,2022,131.771
South Africa,1965,354.119
South Africa,1966,356.323
South Africa,1967,371.078
South Africa,1968,391.637
South Africa,1969,403.253
South Africa,1970,421.404
South Africa,1971,453.695
South Africa,1972,466.563
South Africa,1973,501.692
South Africa,1974,515.747
South Africa,1975,550.096
South Africa,1976,572.055
South Africa,1977,586.012
South Africa,1978,580.368
South Africa,1979,601.715
South Africa,1980,642.931
South Africa,1981,747.038
South Africa,1982,805.711
South Africa,1983,817.694
South Africa,1984,882.728
South Africa,1985,897.63
South Africa,1986,901.923
South Africa,1987,924.17
South Africa,1988,1003.176
South Africa,1989,956.07
South Africa,1990,1002.708
South Africa,1991,990.447
South Africa,1992,998.46
South Africa,1993,1004.24
South Africa,1994,1038.618
South Africa,1995,1083.885
South Africa,1996,1102.259
South Africa,1997,1123.005
South Africa,1998,1100.979
South Africa,1999,1144.544
South Africa,2000,1143.66
South Africa,2001,1154.88
South Africa,2002,1119.46
South Africa,2003,1218.415
South Africa,2004,1331.142
South Africa,2005,1263.038
South Africa,2006,1288.987
South Africa,2007,1321.134
South Africa,2008,1418.935
South Africa,2009,1412.956
South Africa,2010,1422.004
South Africa,2011,1400.246
South Africa,2012,1383.55
South Africa,2013,1386.273
South Africa,2014,1397.379
South Africa,2015,1365.778
South Africa,2016,1418.46
South Africa,2017,1404.552
South Africa,2018,1355.136
South Africa,2019,1413.921
South Africa,2020,1323.176
South Africa,2021,1310.293
South Africa,2022,1261.531
South America,1965,951.746
South America,1966,1009.133
South America,1967,1043.545
South America,1968,1115.017
South America,1969,1162.56
South America,1970,1202.706
South America,1971,1271.603
South America,1972,1348.545
South America,1973,1477.927
South America,1974,1569.063
South America,1975,1572.248
South America,1976,1673.394
South America,1977,1761.88
South America,1978,1839.929
South America,1979,1959.122
South America,1980,1996.057
South America,1981,1980.521
South America,1982,2001.303
South America,1983,1964.008
South America,1984,1984.424
South America,1985,2028.217
South America,1986,2151.451
South America,1987,2207.006
South America,1988,2276.481
South America,1989,2307.414
South America,1990,2291.025
South America,1991,2325.292
South America,1992,2438.973
South America,1993,2499.038
South America,1994,2656.508
South America,1995,2810.406
South America,1996,2933.214
South America,1997,3096.366
South America,1998,3231.026
South America,1999,3245.938
South America,2000,3301.181
South America,2001,3324.019
South America,2002,3308.399
South America,2003,3299.744
South America,2004,3531.934
South America,2005,3608.069
South America,2006,3761.57
South America,2007,3980.21
South America,2008,4089.048
South America,2009,3959.361
South America,2010,4260.282
South America,2011,4407.46
South America,2012,4682.213
South America,2013,4878.923
South America,2014,4964.087
South America,2015,4887.717
South America,2016,4736.69
South America,2017,4725.889
South America,2018,4544.656
South America,2019,4390.093
South America,2020,3904.612
South America,2021,4456.204
South America,2022,4511.959
Spain,1969,397.363
Spain,1970,443.87
Spain,1971,480.796
Spain,1972,511.005
Spain,1973,584.995
Spain,1974,606.32
Spain,1975,637.988
Spain,1976,703.389
Spain,1977,679.582
Spain,1978,677.895
Spain,1979,725.744
Spain,1980,783.766
Spain,1981,800.832
Spain,1982,789.497
Spain,1983,802.957
Spain,1984,769.224
Spain,1985,748.242
Spain,1986,755.345
Spain,1987,776.486
Spain,1988,770.217
Spain,1989,850.015
Spain,1990,837.83
Spain,1991,866.347
Spain,1992,942.736
Spain,1993,888.13
Spain,1994,931.825
Spain,1995,989.643
Spain,1996,984.468
Spain,1997,1069.795
Spain,1998,1124.007
Spain,1999,1195.437
Spain,2000,1244.066
Spain,2001,1271.771
Spain,2002,1334.461
Spain,2003,1368.103
Spain,2004,1444.098
Spain,2005,1500.008
Spain,2006,1491.931
Spain,2007,1529.9
Spain,2008,1458.139
Spain,2009,1312.613
Spain,2010,1259.497
Spain,2011,1265.217
Spain,2012,1241.496
Spain,2013,1121.107
Spain,2014,1094.091
Spain,2015,1151.134
Spain,2016,1143.498
Spain,2017,1207.517
Spain,2018,1197.051
Spain,2019,1167.457
Spain,2020,974.366
Spain,2021,1052.208
Spain,2022,1115.827
Sweden,1985,309.777
Sweden,1986,331.904
Sweden,1987,291.923
Sweden,1988,275.764
Sweden,1989,265.51
Sweden,1990,268.207
Sweden,1991,236.28
Sweden,1992,245.258
Sweden,1993,242.931
Sweden,1994,255.369
Sweden,1995,244.808
Sweden,1996,263.055
Sweden,1997,244.283
Sweden,1998,270.739
Sweden,1999,260.339
Sweden,2000,230.027
Sweden,2001,236.864
Sweden,2002,242.443
Sweden,2003,255.924
Sweden,2004,247.829
Sweden,2005,244.637
Sweden,2006,250.074
Sweden,2007,243.037
Sweden,2008,231.017
Sweden,2009,217.044
Sweden,2010,229.477
Sweden,2011,209.541
Sweden,2012,201.408
Sweden,2013,199.35
Sweden,2014,192.473
Sweden,2015,190.277
Sweden,2016,195.602
Sweden,2017,193.498
Sweden,2018,186.873
Sweden,2019,197.686
Sweden,2020,175.83
Sweden,2021,168.961
Sweden,2022,166.203
Switzerland,1968,132.71
Switzerland,1969,142.53
Switzerland,1970,157.791
Switzerland,1971,165.035
Switzerland,1972,168.506
Switzerland,1973,181.13
Switzerland,1974,163.022
Switzerland,1975,158.197
Switzerland,1976,164.174
Switzerland,1977,166.201
Switzerland,1978,170.532
Switzerland,1979,164.8
Switzerland,1980,167.062
Switzerland,1981,158.184
Switzerland,1982,150.19
Switzerland,1983,163.233
Switzerland,1984,161.129
Switzerland,1985,164.27
Switzerland,1986,177.472
Switzerland,1987,168.879
Switzerland,1988,168.731
Switzerland,1989,164.084
Switzerland,1990,175.511
Switzerland,1991,179.636
Switzerland,1992,181.721
Switzerland,1993,172.293
Switzerland,1994,177.018
Switzerland,1995,167.994
Switzerland,1996,174.455
Switzerland,1997,180.916
Switzerland,1998,183.323
Switzerland,1999,182.433
Switzerland,2000,178.189
Switzerland,2001,189.826
Switzerland,2002,180.875
Switzerland,2003,178.532
Switzerland,2004,178.707
Switzerland,2005,182.344
Switzerland,2006,185.275
Switzerland,2007,169.776
Switzerland,2008,180.61
Switzerland,2009,181.505
Switzerland,2010,174.499
Switzerland,2011,166.271
Switzerland,2012,171.605
Switzerland,2013,179.884
Switzerland,2014,160.375
Switzerland,2015,163.956
Switzerland,2016,158.405
Switzerland,2017,161.515
Switzerland,2018,155.097
Switzerland,2019,158.492
Switzerland,2020,137.082
Switzerland,2021,140.459
Switzerland,2022,137.261
Taiwan,1965,62.711
Taiwan,1966,67.508
Taiwan,1967,74.479
Taiwan,1968,83.082
Taiwan,1969,89.898
Taiwan,1970,99.206
Taiwan,1971,126.081
Taiwan,1972,133.719
Taiwan,1973,158.784
Taiwan,1974,147.771
Taiwan,1975,162.564
Taiwan,1976,204.223
Taiwan,1977,225.827
Taiwan,1978,258.906
Taiwan,1979,267.007
Taiwan,1980,282.753
Taiwan,1981,250.233
Taiwan,1982,277.726
Taiwan,1983,295.536
Taiwan,1984,296.902
Taiwan,1985,298.077
Taiwan,1986,337.841
Taiwan,1987,357.793
Taiwan,1988,416.218
Taiwan,1989,453.496
Taiwan,1990,471.779
Taiwan,1991,505.815
Taiwan,1992,540.504
Taiwan,1993,584.356
Taiwan,1994,622.532
Taiwan,1995,667.866
Taiwan,1996,693.367
Taiwan,1997,743.957
Taiwan,1998,791.162
Taiwan,1999,833.141
Taiwan,2000,893.221
Taiwan,2001,931.724
Taiwan,2002,972.729
Taiwan,2003,1023.286
Taiwan,2004,1070.123
Taiwan,2005,1082.577
Taiwan,2006,1114.998
Taiwan,2007,1163.648
Taiwan,2008,1121.769
Taiwan,2009,1088.406
Taiwan,2010,1174.595
Taiwan,2011,1166.811
Taiwan,2012,1155.31
Taiwan,2013,1179.95
Taiwan,2014,1211.176
Taiwan,2015,1224.867
Taiwan,2016,1240.874
Taiwan,2017,1263.966
Taiwan,2018,1269.037
Taiwan,2019,1226.262
Taiwan,2020,1191.348
Taiwan,2021,1271.736
Taiwan,2022,1210.592
Thailand,1981,137.404
Thailand,1982,138.479
Thailand,1983,153.426
Thailand,1984,170.049
Thailand,1985,179.378
Thailand,1986,186.209
Thailand,1987,219.215
Thailand,1988,249.127
Thailand,1989,284.782
Thailand,1990,339.499
Thailand,1991,377.222
Thailand,1992,415.055
Thailand,1993,474.22
Thailand,1994,531.937
Thailand,1995,595.412
Thailand,1996,674.207
Thailand,1997,711.091
Thailand,1998,659.187
Thailand,1999,704.06
Thailand,2000,722.848
Thailand,2001,762.356
Thailand,2002,824.352
Thailand,2003,887.269
Thailand,2004,967.324
Thailand,2005,998.385
Thailand,2006,1012.398
Thailand,2007,1047.255
Thailand,2008,1046.523
Thailand,2009,1073.37
Thailand,2010,1146.745
Thailand,2011,1169.037
Thailand,2012,1250.734
Thailand,2013,1256.617
Thailand,2014,1291.693
Thailand,2015,1322.461
Thailand,2016,1344.143
Thailand,2017,1358.3
Thailand,2018,1384.7
Thailand,2019,1376.653
Thailand,2020,1280.556
Thailand,2021,1290.637
Thailand,2022,1303.406
Trinidad and Tobago,1971,45.048
Trinidad and Tobago,1972,62.132
Trinidad and Tobago,1973,61.644
Trinidad and Tobago,1974,59.385
Trinidad and Tobago,1975,47.841
Trinidad and Tobago,1976,53.813
Trinidad and Tobago,1977,55.977
Trinidad and Tobago,1978,56.343
Trinidad and Tobago,1979,49.771
Trinidad and Tobago,1980,47.867
Trinidad and Tobago,1981,50.57
Trinidad and Tobago,1982,59.406
Trinidad and Tobago,1983,57.966
Trinidad and Tobago,1984,57.145
Trinidad and Tobago,1985,59.048
Trinidad and Tobago,1986,61.368
Trinidad and Tobago,1987,57.915
Trinidad and Tobago,1988,63.668
Trinidad and Tobago,1989,62.638
Trinidad and Tobago,1990,69.501
Trinidad and Tobago,1991,69.309
Trinidad and Tobago,1992,73.351
Trinidad and Tobago,1993,77.328
Trinidad and Tobago,1994,81.941
Trinidad and Tobago,1995,88.867
Trinidad and Tobago,1996,100.747
Trinidad and Tobago,1997,100.718
Trinidad and Tobago,1998,102.234
Trinidad and Tobago,1999,113.632
Trinidad and Tobago,2000,118.771
Trinidad and Tobago,2001,128.127
Trinidad and Tobago,2002,139.054
Trinidad and Tobago,2003,155.949
Trinidad and Tobago,2004,171.47
Trinidad and Tobago,2005,183.863
Trinidad and Tobago,2006,214.748
Trinidad and Tobago,2007,221.467
Trinidad and Tobago,2008,218.206
Trinidad and Tobago,2009,216.399
Trinidad and Tobago,2010,233.859
Trinidad and Tobago,2011,229.662
Trinidad and Tobago,2012,226.089
Trinidad and Tobago,2013,230.285
Trinidad and Tobago,2014,229.1
Trinidad and Tobago,2015,222.289
Trinidad and Tobago,2016,197.219
Trinidad and Tobago,2017,209.272
Trinidad and Tobago,2018,198.081
Trinidad and Tobago,2019,188.024
Trinidad and Tobago,2020,165.152
Trinidad and Tobago,2021,169.413
Trinidad and Tobago,2022,164.219
Turkey,1982,286.79
Turkey,1983,306.172
Turkey,1984,317.94
Turkey,1985,350.459
Turkey,1986,385.472
Turkey,1987,424.377
Turkey,1988,441.587
Turkey,1989,464.388
Turkey,1990,493.324
Turkey,1991,506.293
Turkey,1992,524.391
Turkey,1993,554.882
Turkey,1994,544.118
Turkey,1995,604.528
Turkey,1996,654.624
Turkey,1997,691.875
Turkey,1998,705.569
Turkey,1999,706.355
Turkey,2000,772.528
Turkey,2001,714.071
Turkey,2002,760.467
Turkey,2003,807.152
Turkey,2004,841.315
Turkey,2005,882.937
Turkey,2006,978.912
Turkey,2007,1071.11
Turkey,2008,1081.406
Turkey,2009,1087.622
Turkey,2010,1105.042
Turkey,2011,1185.431
Turkey,2012,1249.552
Turkey,2013,1225.852
Turkey,2014,1317.706
Turkey,2015,1380.02
Turkey,2016,1441.746
Turkey,2017,1550.744
Turkey,2018,1503.501
Turkey,2019,1479.405
Turkey,2020,1459.645
Turkey,2021,1616.072
Turkey,2022,1580.769
Ukraine,1985,2597.724
Ukraine,1986,2640.252
Ukraine,1987,2681.032
Ukraine,1988,2615.763
Ukraine,1989,2513.364
Ukraine,1990,2947.448
Ukraine,1991,2746.756
Ukraine,1992,2297.976
Ukraine,1993,1972.133
Ukraine,1994,1664.662
Ukraine,1995,1620.214
Ukraine,1996,1472.747
Ukraine,1997,1408.353
Ukraine,1998,1344.613
Ukraine,1999,1333.733
Ukraine,2000,1332.646
Ukraine,2001,1312.779
Ukraine,2002,1306.632
Ukraine,2003,1338.498
Ukraine,2004,1311.274
Ukraine,2005,1326.107
Ukraine,2006,1341.312
Ukraine,2007,1337.076
Ukraine,2008,1286.476
Ukraine,2009,1074.434
Ukraine,2010,1152.221
Ukraine,2011,1204.893
Ukraine,2012,1174.961
Ukraine,2013,1110.22
Ukraine,2014,950.507
Ukraine,2015,757.371
Ukraine,2016,816.763
Ukraine,2017,727.248
Ukraine,2018,762.677
Ukraine,2019,715.21
Ukraine,2020,680.882
Ukraine,2021,660.588
Ukraine,2022,444.08
United Kingdom,1965,2259.641
United Kingdom,1966,2256.721
United Kingdom,1967,2247.72
United Kingdom,1968,2326.104
United Kingdom,1969,2406.459
United Kingdom,1970,2463.821
United Kingdom,1971,2415.708
United Kingdom,1972,2447.364
United Kingdom,1973,2576.292
United Kingdom,1974,2425.753
United Kingdom,1975,2290.816
United Kingdom,1976,2321.355
United Kingdom,1977,2357.696
United Kingdom,1978,2379.531
United Kingdom,1979,2492.615
United Kingdom,1980,2264.38
United Kingdom,1981,2194.387
United Kingdom,1982,2146.985
United Kingdom,1983,2139.325
United Kingdom,1984,2126.834
United Kingdom,1985,2205.673
United Kingdom,1986,2275.315
United Kingdom,1987,2283.817
United Kingdom,1988,2291.183
United Kingdom,1989,2271.02
United Kingdom,1990,2304.77
United Kingdom,1991,2345.415
United Kingdom,1992,2308.487
United Kingdom,1993,2303.994
United Kingdom,1994,2272.325
United Kingdom,1995,2279.953
United Kingdom,1996,2390.419
United Kingdom,1997,2329.802
United Kingdom,1998,2343.327
United Kingdom,1999,2340.451
United Kingdom,2000,2392.876
United Kingdom,2001,2408.995
United Kingdom,2002,2351.462
United Kingdom,2003,2389.559
United Kingdom,2004,2426.757
United Kingdom,2005,2436.895
United Kingdom,2006,2416.033
United Kingdom,2007,2370.508
United Kingdom,2008,2343.32
United Kingdom,2009,2158.611
United Kingdom,2010,2224.938
United Kingdom,2011,2044.2
United Kingdom,2012,2064.266
United Kingdom,2013,2021.609
United Kingdom,2014,1875.129
United Kingdom,2015,1843.994
United Kingdom,2016,1818.846
United Kingdom,2017,1782.203
United Kingdom,2018,1753.308
United Kingdom,2019,1699.401
United Kingdom,2020,1452.387
United Kingdom,2021,1525.459
United Kingdom,2022,1519.567
United States,1965,13797.927
United States,1966,14594.848
United States,1967,15038.979
United States,1968,15957.852
United States,1969,16733.182
United States,1970,17339.508
United States,1971,17617.41
United States,1972,18469.301
United States,1973,19204.703
United States,1974,18529.32
United States,1975,17836.91
United States,1976,18878.027
United States,1977,19404.641
United States,1978,19609.375
United States,1979,19896.016
United States,1980,19084.836
United States,1981,18450.318
United States,1982,17458.037
United States,1983,17279.002
United States,1984,18177.648
United States,1985,18076.279
United States,1986,18137.391
United States,1987,18808.764
United States,1988,19634.049
United States,1989,19997.105
United States,1990,19815.52
United States,1991,19680.094
United States,1992,20084.928
United States,1993,20497.916
United States,1994,20893.971
United States,1995,21170.41
United States,1996,21883.338
United States,1997,22175.863
United States,1998,22302.24
United States,1999,22599.816
United States,2000,23224.576
United States,2001,22744.744
United States,2002,22941.979
United States,2003,23040.119
United States,2004,23499.125
United States,2005,23512.965
United States,2006,23186.369
United States,2007,23576.988
United States,2008,22795.662
United States,2009,21395.902
United States,2010,22173.703
United States,2011,21749.736
United States,2012,21192.219
United States,2013,21720.053
United States,2014,21926.727
United States,2015,21655.59
United States,2016,21413.307
United States,2017,21310.291
United States,2018,22208.822
United States,2019,21944.391
United States,2020,19917.447
United States,2021,21158.328
United States,2022,21595.023
Uzbekistan,1985,450.0
Uzbekistan,1986,443.677
Uzbekistan,1987,456.578
Uzbekistan,1988,458.611
Uzbekistan,1989,480.235
Uzbekistan,1990,501.25
Uzbekistan,1991,496.831
Uzbekistan,1992,469.347
Uzbekistan,1993,503.015
Uzbekistan,1994,493.705
Uzbekistan,1995,490.091
Uzbekistan,1996,505.175
Uzbekistan,1997,501.903
Uzbekistan,1998,500.983
Uzbekistan,1999,570.367
Uzbekistan,2000,582.164
Uzbekistan,2001,583.859
Uzbekistan,2002,598.691
Uzbekistan,2003,544.698
Uzbekistan,2004,544.962
Uzbekistan,2005,542.901
Uzbekistan,2006,510.21
Uzbekistan,2007,546.045
Uzbekistan,2008,516.859
Uzbekistan,2009,507.032
Uzbekistan,2010,508.449
Uzbekistan,2011,543.17
Uzbekistan,2012,525.637
Uzbekistan,2013,528.251
Uzbekistan,2014,547.058
Uzbekistan,2015,521.88
Uzbekistan,2016,496.655
Uzbekistan,2017,510.542
Uzbekistan,2018,518.037
Uzbekistan,2019,517.537
Uzbekistan,2020,518.606
Uzbekistan,2021,550.905
Uzbekistan,2022,571.905
Venezuela,1965,187.437
Venezuela,1966,189.182
Venezuela,1967,198.978
Venezuela,1968,211.807
Venezuela,1969,212.94
Venezuela,1970,212.34
Venezuela,1971,212.274
Venezuela,1972,223.441
Venezuela,1973,257.61
Venezuela,1974,262.734
Venezuela,1975,270.54
Venezuela,1976,293.412
Venezuela,1977,325.895
Venezuela,1978,333.579
Venezuela,1979,365.546
Venezuela,1980,413.09
Venezuela,1981,428.667
Venezuela,1982,435.913
Venezuela,1983,427.554
Venezuela,1984,430.556
Venezuela,1985,436.803
Venezuela,1986,466.851
Venezuela,1987,449.615
Venezuela,1988,462.186
Venezuela,1989,465.554
Venezuela,1990,494.196
Venezuela,1991,475.931
Venezuela,1992,517.835
Venezuela,1993,510.265
Venezuela,1994,554.682
Venezuela,1995,575.26
Venezuela,1996,549.638
Venezuela,1997,580.015
Venezuela,1998,623.453
Venezuela,1999,616.18
Venezuela,2000,632.364
Venezuela,2001,672.633
Venezuela,2002,686.32
Venezuela,2003,628.227
Venezuela,2004,671.081
Venezuela,2005,678.992
Venezuela,2006,717.67
Venezuela,2007,768.01
Venezuela,2008,740.477
Venezuela,2009,742.121
Venezuela,2010,733.57
Venezuela,2011,740.509
Venezuela,2012,790.983
Venezuela,2013,801.392
Venezuela,2014,764.82
Venezuela,2015,767.603
Venezuela,2016,675.333
Venezuela,2017,664.262
Venezuela,2018,545.347
Venezuela,2019,449.421
Venezuela,2020,328.487
Venezuela,2021,405.775
Venezuela,2022,439.912
Vietnam,1981,49.818
Vietnam,1982,53.358
Vietnam,1983,56.986
Vietnam,1984,56.409
Vietnam,1985,57.283
Vietnam,1986,62.672
Vietnam,1987,71.156
Vietnam,1988,69.92
Vietnam,1989,60.338
Vietnam,1990,61.252
Vietnam,1991,59.835
Vietnam,1992,64.42
Vietnam,1993,74.42
Vietnam,1994,82.114
Vietnam,1995,95.862
Vietnam,1996,110.265
Vietnam,1997,133.449
Vietnam,1998,148.802
Vietnam,1999,147.319
Vietnam,2000,171.122
Vietnam,2001,188.548
Vietnam,2002,211.638
Vietnam,2003,230.267
Vietnam,2004,296.429
Vietnam,2005,322.285
Vietnam,2006,282.675
Vietnam,2007,306.578
Vietnam,2008,384.012
Vietnam,2009,383.778
Vietnam,2010,460.749
Vietnam,2011,483.521
Vietnam,2012,477.823
Vietnam,2013,501.472
Vietnam,2014,559.344
Vietnam,2015,674.829
Vietnam,2016,726.982
Vietnam,2017,733.621
Vietnam,2018,860.644
Vietnam,2019,1013.852
Vietnam,2020,980.495
Vietnam,2021,933.359
Vietnam,2022,933.713
